source_id,split,variant_id,degradation,severity,severity_name,is_degraded,relative_path
e06b55bf935e76ac,train,e06b55bf935e76ac__clean,none,0,none,0,dataset/generated/train/e06b55bf935e76ac__clean.jpg
e06b55bf935e76ac,train,e06b55bf935e76ac__blur__s3,blur,3,medium,1,dataset/generated/train/e06b55bf935e76ac__blur__s3.jpg
e06b55bf935e76ac,train,e06b55bf935e76ac__motion_blur__s3,motion_blur,3,medium,1,dataset/generated/train/e06b55bf935e76ac__motion_blur__s3.jpg
e06b55bf935e76ac,train,e06b55bf935e76ac__underexposure__s3,underexposure,3,medium,1,dataset/generated/train/e06b55bf935e76ac__underexposure__s3.jpg
e06b55bf935e76ac,train,e06b55bf935e76ac__overexposure__s3,overexposure,3,medium,1,dataset/generated/train/e06b55bf935e76ac__overexposure__s3.jpg
e06b55bf935e76ac,train,e06b55bf935e76ac__noise__s3,noise,3,medium,1,dataset/generated/train/e06b55bf935e76ac__noise__s3.jpg
e06b55bf935e76ac,train,e06b55bf935e76ac__compression__s3,compression,3,medium,1,dataset/generated/train/e06b55bf935e76ac__compression__s3.jpg
974f2af6d81f6562,train,974f2af6d81f6562__clean,none,0,none,0,dataset/generated/train/974f2af6d81f6562__clean.jpg
974f2af6d81f6562,train,974f2af6d81f6562__blur__s3,blur,3,medium,1,dataset/generated/train/974f2af6d81f6562__blur__s3.jpg
974f2af6d81f6562,train,974f2af6d81f6562__motion_blur__s3,motion_blur,3,medium,1,dataset/generated/train/974f2af6d81f6562__motion_blur__s3.jpg
974f2af6d81f6562,train,974f2af6d81f6562__underexposure__s3,underexposure,3,medium,1,dataset/generated/train/974f2af6d81f6562__underexposure__s3.jpg
974f2af6d81f6562,train,974f2af6d81f6562__overexposure__s3,overexposure,3,medium,1,dataset/generated/train/974f2af6d81f6562__overexposure__s3.jpg
974f2af6d81f6562,train,974f2af6d81f6562__noise__s3,noise,3,medium,1,dataset/generated/train/974f2af6d81f6562__noise__s3.jpg
974f2af6d81f6562,train,974f2af6d81f6562__compression__s3,compression,3,medium,1,dataset/generated/train/974f2af6d81f6562__compression__s3.jpg
a044804a0b0186a1,train,a044804a0b0186a1__clean,none,0,none,0,dataset/generated/train/a044804a0b0186a1__clean.jpg
a044804a0b0186a1,train,a044804a0b0186a1__blur__s3,blur,3,medium,1,dataset/generated/train/a044804a0b0186a1__blur__s3.jpg
a044804a0b0186a1,train,a044804a0b0186a1__motion_blur__s3,motion_blur,3,medium,1,dataset/generated/train/a044804a0b0186a1__motion_blur__s3.jpg
a044804a0b0186a1,train,a044804a0b0186a1__underexposure__s3,underexposure,3,medium,1,dataset/generated/train/a044804a0b0186a1__underexposure__s3.jpg
a044804a0b0186a1,train,a044804a0b0186a1__overexposure__s3,overexposure,3,medium,1,dataset/generated/train/a044804a0b0186a1__overexposure__s3.jpg
a044804a0b0186a1,train,a044804a0b0186a1__noise__s3,noise,3,medium,1,dataset/generated/train/a044804a0b0186a1__noise__s3.jpg
a044804a0b0186a1,train,a044804a0b0186a1__compression__s3,compression,3,medium,1,dataset/generated/train/a044804a0b0186a1__compression__s3.jpg
1bb19f0a2a950a94,train,1bb19f0a2a950a94__clean,none,0,none,0,dataset/generated/train/1bb19f0a2a950a94__clean.jpg
1bb19f0a2a950a94,train,1bb19f0a2a950a94__blur__s3,blur,3,medium,1,dataset/generated/train/1bb19f0a2a950a94__blur__s3.jpg
1bb19f0a2a950a94,train,1bb19f0a2a950a94__motion_blur__s3,motion_blur,3,medium,1,dataset/generated/train/1bb19f0a2a950a94__motion_blur__s3.jpg
1bb19f0a2a950a94,train,1bb19f0a2a950a94__underexposure__s3,underexposure,3,medium,1,dataset/generated/train/1bb19f0a2a950a94__underexposure__s3.jpg
1bb19f0a2a950a94,train,1bb19f0a2a950a94__overexposure__s3,overexposure,3,medium,1,dataset/generated/train/1bb19f0a2a950a94__overexposure__s3.jpg
1bb19f0a2a950a94,train,1bb19f0a2a950a94__noise__s3,noise,3,medium,1,dataset/generated/train/1bb19f0a2a950a94__noise__s3.jpg
1bb19f0a2a950a94,train,1bb19f0a2a950a94__compression__s3,compression,3,medium,1,dataset/generated/train/1bb19f0a2a950a94__compression__s3.jpg
4f26c847c2f49574,train,4f26c847c2f49574__clean,none,0,none,0,dataset/generated/train/4f26c847c2f49574__clean.jpg
4f26c847c2f49574,train,4f26c847c2f49574__blur__s3,blur,3,medium,1,dataset/generated/train/4f26c847c2f49574__blur__s3.jpg
4f26c847c2f49574,train,4f26c847c2f49574__motion_blur__s3,motion_blur,3,medium,1,dataset/generated/train/4f26c847c2f49574__motion_blur__s3.jpg
4f26c847c2f49574,train,4f26c847c2f49574__underexposure__s3,underexposure,3,medium,1,dataset/generated/train/4f26c847c2f49574__underexposure__s3.jpg
4f26c847c2f49574,train,4f26c847c2f49574__overexposure__s3,overexposure,3,medium,1,dataset/generated/train/4f26c847c2f49574__overexposure__s3.jpg
4f26c847c2f49574,train,4f26c847c2f49574__noise__s3,noise,3,medium,1,dataset/generated/train/4f26c847c2f49574__noise__s3.jpg
4f26c847c2f49574,train,4f26c847c2f49574__compression__s3,compression,3,medium,1,dataset/generated/train/4f26c847c2f49574__compression__s3.jpg
37e5625d5de54eb5,train,37e5625d5de54eb5__clean,none,0,none,0,dataset/generated/train/37e5625d5de54eb5__clean.jpg
37e5625d5de54eb5,train,37e5625d5de54eb5__blur__s3,blur,3,medium,1,dataset/generated/train/37e5625d5de54eb5__blur__s3.jpg
37e5625d5de54eb5,train,37e5625d5de54eb5__motion_blur__s3,motion_blur,3,medium,1,dataset/generated/train/37e5625d5de54eb5__motion_blur__s3.jpg
37e5625d5de54eb5,train,37e5625d5de54eb5__underexposure__s3,underexposure,3,medium,1,dataset/generated/train/37e5625d5de54eb5__underexposure__s3.jpg
37e5625d5de54eb5,train,37e5625d5de54eb5__overexposure__s3,overexposure,3,medium,1,dataset/generated/train/37e5625d5de54eb5__overexposure__s3.jpg
37e5625d5de54eb5,train,37e5625d5de54eb5__noise__s3,noise,3,medium,1,dataset/generated/train/37e5625d5de54eb5__noise__s3.jpg
37e5625d5de54eb5,train,37e5625d5de54eb5__compression__s3,compression,3,medium,1,dataset/generated/train/37e5625d5de54eb5__compression__s3.jpg
039f3bfb862023bd,train,039f3bfb862023bd__clean,none,0,none,0,dataset/generated/train/039f3bfb862023bd__clean.jpg
039f3bfb862023bd,train,039f3bfb862023bd__blur__s3,blur,3,medium,1,dataset/generated/train/039f3bfb862023bd__blur__s3.jpg
039f3bfb862023bd,train,039f3bfb862023bd__motion_blur__s3,motion_blur,3,medium,1,dataset/generated/train/039f3bfb862023bd__motion_blur__s3.jpg
039f3bfb862023bd,train,039f3bfb862023bd__underexposure__s3,underexposure,3,medium,1,dataset/generated/train/039f3bfb862023bd__underexposure__s3.jpg
039f3bfb862023bd,train,039f3bfb862023bd__overexposure__s3,overexposure,3,medium,1,dataset/generated/train/039f3bfb862023bd__overexposure__s3.jpg
039f3bfb862023bd,train,039f3bfb862023bd__noise__s3,noise,3,medium,1,dataset/generated/train/039f3bfb862023bd__noise__s3.jpg
039f3bfb862023bd,train,039f3bfb862023bd__compression__s3,compression,3,medium,1,dataset/generated/train/039f3bfb862023bd__compression__s3.jpg
b2cc81a8ab0c23da,train,b2cc81a8ab0c23da__clean,none,0,none,0,dataset/generated/train/b2cc81a8ab0c23da__clean.jpg
b2cc81a8ab0c23da,train,b2cc81a8ab0c23da__blur__s3,blur,3,medium,1,dataset/generated/train/b2cc81a8ab0c23da__blur__s3.jpg
b2cc81a8ab0c23da,train,b2cc81a8ab0c23da__motion_blur__s3,motion_blur,3,medium,1,dataset/generated/train/b2cc81a8ab0c23da__motion_blur__s3.jpg
b2cc81a8ab0c23da,train,b2cc81a8ab0c23da__underexposure__s3,underexposure,3,medium,1,dataset/generated/train/b2cc81a8ab0c23da__underexposure__s3.jpg
b2cc81a8ab0c23da,train,b2cc81a8ab0c23da__overexposure__s3,overexposure,3,medium,1,dataset/generated/train/b2cc81a8ab0c23da__overexposure__s3.jpg
b2cc81a8ab0c23da,train,b2cc81a8ab0c23da__noise__s3,noise,3,medium,1,dataset/generated/train/b2cc81a8ab0c23da__noise__s3.jpg
b2cc81a8ab0c23da,train,b2cc81a8ab0c23da__compression__s3,compression,3,medium,1,dataset/generated/train/b2cc81a8ab0c23da__compression__s3.jpg
235537407867a7b8,train,235537407867a7b8__clean,none,0,none,0,dataset/generated/train/235537407867a7b8__clean.jpg
235537407867a7b8,train,235537407867a7b8__blur__s3,blur,3,medium,1,dataset/generated/train/235537407867a7b8__blur__s3.jpg
235537407867a7b8,train,235537407867a7b8__motion_blur__s3,motion_blur,3,medium,1,dataset/generated/train/235537407867a7b8__motion_blur__s3.jpg
235537407867a7b8,train,235537407867a7b8__underexposure__s3,underexposure,3,medium,1,dataset/generated/train/235537407867a7b8__underexposure__s3.jpg
235537407867a7b8,train,235537407867a7b8__overexposure__s3,overexposure,3,medium,1,dataset/generated/train/235537407867a7b8__overexposure__s3.jpg
235537407867a7b8,train,235537407867a7b8__noise__s3,noise,3,medium,1,dataset/generated/train/235537407867a7b8__noise__s3.jpg
235537407867a7b8,train,235537407867a7b8__compression__s3,compression,3,medium,1,dataset/generated/train/235537407867a7b8__compression__s3.jpg
99479f61ef2931ea,train,99479f61ef2931ea__clean,none,0,none,0,dataset/generated/train/99479f61ef2931ea__clean.jpg
99479f61ef2931ea,train,99479f61ef2931ea__blur__s3,blur,3,medium,1,dataset/generated/train/99479f61ef2931ea__blur__s3.jpg
99479f61ef2931ea,train,99479f61ef2931ea__motion_blur__s3,motion_blur,3,medium,1,dataset/generated/train/99479f61ef2931ea__motion_blur__s3.jpg
99479f61ef2931ea,train,99479f61ef2931ea__underexposure__s3,underexposure,3,medium,1,dataset/generated/train/99479f61ef2931ea__underexposure__s3.jpg
99479f61ef2931ea,train,99479f61ef2931ea__overexposure__s3,overexposure,3,medium,1,dataset/generated/train/99479f61ef2931ea__overexposure__s3.jpg
99479f61ef2931ea,train,99479f61ef2931ea__noise__s3,noise,3,medium,1,dataset/generated/train/99479f61ef2931ea__noise__s3.jpg
99479f61ef2931ea,train,99479f61ef2931ea__compression__s3,compression,3,medium,1,dataset/generated/train/99479f61ef2931ea__compression__s3.jpg
a4cd7f45ac1ce27e,train,a4cd7f45ac1ce27e__clean,none,0,none,0,dataset/generated/train/a4cd7f45ac1ce27e__clean.jpg
a4cd7f45ac1ce27e,train,a4cd7f45ac1ce27e__blur__s3,blur,3,medium,1,dataset/generated/train/a4cd7f45ac1ce27e__blur__s3.jpg
a4cd7f45ac1ce27e,train,a4cd7f45ac1ce27e__motion_blur__s3,motion_blur,3,medium,1,dataset/generated/train/a4cd7f45ac1ce27e__motion_blur__s3.jpg
a4cd7f45ac1ce27e,train,a4cd7f45ac1ce27e__underexposure__s3,underexposure,3,medium,1,dataset/generated/train/a4cd7f45ac1ce27e__underexposure__s3.jpg
a4cd7f45ac1ce27e,train,a4cd7f45ac1ce27e__overexposure__s3,overexposure,3,medium,1,dataset/generated/train/a4cd7f45ac1ce27e__overexposure__s3.jpg
a4cd7f45ac1ce27e,train,a4cd7f45ac1ce27e__noise__s3,noise,3,medium,1,dataset/generated/train/a4cd7f45ac1ce27e__noise__s3.jpg
a4cd7f45ac1ce27e,train,a4cd7f45ac1ce27e__compression__s3,compression,3,medium,1,dataset/generated/train/a4cd7f45ac1ce27e__compression__s3.jpg
1bb3ef4577a7c11c,train,1bb3ef4577a7c11c__clean,none,0,none,0,dataset/generated/train/1bb3ef4577a7c11c__clean.jpg
1bb3ef4577a7c11c,train,1bb3ef4577a7c11c__blur__s3,blur,3,medium,1,dataset/generated/train/1bb3ef4577a7c11c__blur__s3.jpg
1bb3ef4577a7c11c,train,1bb3ef4577a7c11c__motion_blur__s3,motion_blur,3,medium,1,dataset/generated/train/1bb3ef4577a7c11c__motion_blur__s3.jpg
1bb3ef4577a7c11c,train,1bb3ef4577a7c11c__underexposure__s3,underexposure,3,medium,1,dataset/generated/train/1bb3ef4577a7c11c__underexposure__s3.jpg
1bb3ef4577a7c11c,train,1bb3ef4577a7c11c__overexposure__s3,overexposure,3,medium,1,dataset/generated/train/1bb3ef4577a7c11c__overexposure__s3.jpg
1bb3ef4577a7c11c,train,1bb3ef4577a7c11c__noise__s3,noise,3,medium,1,dataset/generated/train/1bb3ef4577a7c11c__noise__s3.jpg
1bb3ef4577a7c11c,train,1bb3ef4577a7c11c__compression__s3,compression,3,medium,1,dataset/generated/train/1bb3ef4577a7c11c__compression__s3.jpg
8a52b7177994a207,train,8a52b7177994a207__clean,none,0,none,0,dataset/generated/train/8a52b7177994a207__clean.jpg
8a52b7177994a207,train,8a52b7177994a207__blur__s3,blur,3,medium,1,dataset/generated/train/8a52b7177994a207__blur__s3.jpg
8a52b7177994a207,train,8a52b7177994a207__motion_blur__s3,motion_blur,3,medium,1,dataset/generated/train/8a52b7177994a207__motion_blur__s3.jpg
8a52b7177994a207,train,8a52b7177994a207__underexposure__s3,underexposure,3,medium,1,dataset/generated/train/8a52b7177994a207__underexposure__s3.jpg
8a52b7177994a207,train,8a52b7177994a207__overexposure__s3,overexposure,3,medium,1,dataset/generated/train/8a52b7177994a207__overexposure__s3.jpg
8a52b7177994a207,train,8a52b7177994a207__noise__s3,noise,3,medium,1,dataset/generated/train/8a52b7177994a207__noise__s3.jpg
8a52b7177994a207,train,8a52b7177994a207__compression__s3,compression,3,medium,1,dataset/generated/train/8a52b7177994a207__compression__s3.jpg
c075f51a798e65d2,train,c075f51a798e65d2__clean,none,0,none,0,dataset/generated/train/c075f51a798e65d2__clean.jpg
c075f51a798e65d2,train,c075f51a798e65d2__blur__s3,blur,3,medium,1,dataset/generated/train/c075f51a798e65d2__blur__s3.jpg
c075f51a798e65d2,train,c075f51a798e65d2__motion_blur__s3,motion_blur,3,medium,1,dataset/generated/train/c075f51a798e65d2__motion_blur__s3.jpg
c075f51a798e65d2,train,c075f51a798e65d2__underexposure__s3,underexposure,3,medium,1,dataset/generated/train/c075f51a798e65d2__underexposure__s3.jpg
c075f51a798e65d2,train,c075f51a798e65d2__overexposure__s3,overexposure,3,medium,1,dataset/generated/train/c075f51a798e65d2__overexposure__s3.jpg
c075f51a798e65d2,train,c075f51a798e65d2__noise__s3,noise,3,medium,1,dataset/generated/train/c075f51a798e65d2__noise__s3.jpg
c075f51a798e65d2,train,c075f51a798e65d2__compression__s3,compression,3,medium,1,dataset/generated/train/c075f51a798e65d2__compression__s3.jpg
8795ff243cf20405,train,8795ff243cf20405__clean,none,0,none,0,dataset/generated/train/8795ff243cf20405__clean.jpg
8795ff243cf20405,train,8795ff243cf20405__blur__s3,blur,3,medium,1,dataset/generated/train/8795ff243cf20405__blur__s3.jpg
8795ff243cf20405,train,8795ff243cf20405__motion_blur__s3,motion_blur,3,medium,1,dataset/generated/train/8795ff243cf20405__motion_blur__s3.jpg
8795ff243cf20405,train,8795ff243cf20405__underexposure__s3,underexposure,3,medium,1,dataset/generated/train/8795ff243cf20405__underexposure__s3.jpg
8795ff243cf20405,train,8795ff243cf20405__overexposure__s3,overexposure,3,medium,1,dataset/generated/train/8795ff243cf20405__overexposure__s3.jpg
8795ff243cf20405,train,8795ff243cf20405__noise__s3,noise,3,medium,1,dataset/generated/train/8795ff243cf20405__noise__s3.jpg
8795ff243cf20405,train,8795ff243cf20405__compression__s3,compression,3,medium,1,dataset/generated/train/8795ff243cf20405__compression__s3.jpg
f5e6d63081ba8fbb,train,f5e6d63081ba8fbb__clean,none,0,none,0,dataset/generated/train/f5e6d63081ba8fbb__clean.jpg
f5e6d63081ba8fbb,train,f5e6d63081ba8fbb__blur__s3,blur,3,medium,1,dataset/generated/train/f5e6d63081ba8fbb__blur__s3.jpg
f5e6d63081ba8fbb,train,f5e6d63081ba8fbb__motion_blur__s3,motion_blur,3,medium,1,dataset/generated/train/f5e6d63081ba8fbb__motion_blur__s3.jpg
f5e6d63081ba8fbb,train,f5e6d63081ba8fbb__underexposure__s3,underexposure,3,medium,1,dataset/generated/train/f5e6d63081ba8fbb__underexposure__s3.jpg
f5e6d63081ba8fbb,train,f5e6d63081ba8fbb__overexposure__s3,overexposure,3,medium,1,dataset/generated/train/f5e6d63081ba8fbb__overexposure__s3.jpg
f5e6d63081ba8fbb,train,f5e6d63081ba8fbb__noise__s3,noise,3,medium,1,dataset/generated/train/f5e6d63081ba8fbb__noise__s3.jpg
f5e6d63081ba8fbb,train,f5e6d63081ba8fbb__compression__s3,compression,3,medium,1,dataset/generated/train/f5e6d63081ba8fbb__compression__s3.jpg
83981537a7baeafb,train,83981537a7baeafb__clean,none,0,none,0,dataset/generated/train/83981537a7baeafb__clean.jpg
83981537a7baeafb,train,83981537a7baeafb__blur__s3,blur,3,medium,1,dataset/generated/train/83981537a7baeafb__blur__s3.jpg
83981537a7baeafb,train,83981537a7baeafb__motion_blur__s3,motion_blur,3,medium,1,dataset/generated/train/83981537a7baeafb__motion_blur__s3.jpg
83981537a7baeafb,train,83981537a7baeafb__underexposure__s3,underexposure,3,medium,1,dataset/generated/train/83981537a7baeafb__underexposure__s3.jpg
83981537a7baeafb,train,83981537a7baeafb__overexposure__s3,overexposure,3,medium,1,dataset/generated/train/83981537a7baeafb__overexposure__s3.jpg
83981537a7baeafb,train,83981537a7baeafb__noise__s3,noise,3,medium,1,dataset/generated/train/83981537a7baeafb__noise__s3.jpg
83981537a7baeafb,train,83981537a7baeafb__compression__s3,compression,3,medium,1,dataset/generated/train/83981537a7baeafb__compression__s3.jpg
67fe4f0a7b71ecee,train,67fe4f0a7b71ecee__clean,none,0,none,0,dataset/generated/train/67fe4f0a7b71ecee__clean.jpg
67fe4f0a7b71ecee,train,67fe4f0a7b71ecee__blur__s3,blur,3,medium,1,dataset/generated/train/67fe4f0a7b71ecee__blur__s3.jpg
67fe4f0a7b71ecee,train,67fe4f0a7b71ecee__motion_blur__s3,motion_blur,3,medium,1,dataset/generated/train/67fe4f0a7b71ecee__motion_blur__s3.jpg
67fe4f0a7b71ecee,train,67fe4f0a7b71ecee__underexposure__s3,underexposure,3,medium,1,dataset/generated/train/67fe4f0a7b71ecee__underexposure__s3.jpg
67fe4f0a7b71ecee,train,67fe4f0a7b71ecee__overexposure__s3,overexposure,3,medium,1,dataset/generated/train/67fe4f0a7b71ecee__overexposure__s3.jpg
67fe4f0a7b71ecee,train,67fe4f0a7b71ecee__noise__s3,noise,3,medium,1,dataset/generated/train/67fe4f0a7b71ecee__noise__s3.jpg
67fe4f0a7b71ecee,train,67fe4f0a7b71ecee__compression__s3,compression,3,medium,1,dataset/generated/train/67fe4f0a7b71ecee__compression__s3.jpg
ac74264bbc3356e0,train,ac74264bbc3356e0__clean,none,0,none,0,dataset/generated/train/ac74264bbc3356e0__clean.jpg
ac74264bbc3356e0,train,ac74264bbc3356e0__blur__s3,blur,3,medium,1,dataset/generated/train/ac74264bbc3356e0__blur__s3.jpg
ac74264bbc3356e0,train,ac74264bbc3356e0__motion_blur__s3,motion_blur,3,medium,1,dataset/generated/train/ac74264bbc3356e0__motion_blur__s3.jpg
ac74264bbc3356e0,train,ac74264bbc3356e0__underexposure__s3,underexposure,3,medium,1,dataset/generated/train/ac74264bbc3356e0__underexposure__s3.jpg
ac74264bbc3356e0,train,ac74264bbc3356e0__overexposure__s3,overexposure,3,medium,1,dataset/generated/train/ac74264bbc3356e0__overexposure__s3.jpg
ac74264bbc3356e0,train,ac74264bbc3356e0__noise__s3,noise,3,medium,1,dataset/generated/train/ac74264bbc3356e0__noise__s3.jpg
ac74264bbc3356e0,train,ac74264bbc3356e0__compression__s3,compression,3,medium,1,dataset/generated/train/ac74264bbc3356e0__compression__s3.jpg
3ef0da375244c3fd,train,3ef0da375244c3fd__clean,none,0,none,0,dataset/generated/train/3ef0da375244c3fd__clean.jpg
3ef0da375244c3fd,train,3ef0da375244c3fd__blur__s3,blur,3,medium,1,dataset/generated/train/3ef0da375244c3fd__blur__s3.jpg
3ef0da375244c3fd,train,3ef0da375244c3fd__motion_blur__s3,motion_blur,3,medium,1,dataset/generated/train/3ef0da375244c3fd__motion_blur__s3.jpg
3ef0da375244c3fd,train,3ef0da375244c3fd__underexposure__s3,underexposure,3,medium,1,dataset/generated/train/3ef0da375244c3fd__underexposure__s3.jpg
3ef0da375244c3fd,train,3ef0da375244c3fd__overexposure__s3,overexposure,3,medium,1,dataset/generated/train/3ef0da375244c3fd__overexposure__s3.jpg
3ef0da375244c3fd,train,3ef0da375244c3fd__noise__s3,noise,3,medium,1,dataset/generated/train/3ef0da375244c3fd__noise__s3.jpg
3ef0da375244c3fd,train,3ef0da375244c3fd__compression__s3,compression,3,medium,1,dataset/generated/train/3ef0da375244c3fd__compression__s3.jpg
8e85a2e71ee512fe,train,8e85a2e71ee512fe__clean,none,0,none,0,dataset/generated/train/8e85a2e71ee512fe__clean.jpg
8e85a2e71ee512fe,train,8e85a2e71ee512fe__blur__s3,blur,3,medium,1,dataset/generated/train/8e85a2e71ee512fe__blur__s3.jpg
8e85a2e71ee512fe,train,8e85a2e71ee512fe__motion_blur__s3,motion_blur,3,medium,1,dataset/generated/train/8e85a2e71ee512fe__motion_blur__s3.jpg
8e85a2e71ee512fe,train,8e85a2e71ee512fe__underexposure__s3,underexposure,3,medium,1,dataset/generated/train/8e85a2e71ee512fe__underexposure__s3.jpg
8e85a2e71ee512fe,train,8e85a2e71ee512fe__overexposure__s3,overexposure,3,medium,1,dataset/generated/train/8e85a2e71ee512fe__overexposure__s3.jpg
8e85a2e71ee512fe,train,8e85a2e71ee512fe__noise__s3,noise,3,medium,1,dataset/generated/train/8e85a2e71ee512fe__noise__s3.jpg
8e85a2e71ee512fe,train,8e85a2e71ee512fe__compression__s3,compression,3,medium,1,dataset/generated/train/8e85a2e71ee512fe__compression__s3.jpg
bd8133fe5862ea2b,train,bd8133fe5862ea2b__clean,none,0,none,0,dataset/generated/train/bd8133fe5862ea2b__clean.jpg
bd8133fe5862ea2b,train,bd8133fe5862ea2b__blur__s3,blur,3,medium,1,dataset/generated/train/bd8133fe5862ea2b__blur__s3.jpg
bd8133fe5862ea2b,train,bd8133fe5862ea2b__motion_blur__s3,motion_blur,3,medium,1,dataset/generated/train/bd8133fe5862ea2b__motion_blur__s3.jpg
bd8133fe5862ea2b,train,bd8133fe5862ea2b__underexposure__s3,underexposure,3,medium,1,dataset/generated/train/bd8133fe5862ea2b__underexposure__s3.jpg
bd8133fe5862ea2b,train,bd8133fe5862ea2b__overexposure__s3,overexposure,3,medium,1,dataset/generated/train/bd8133fe5862ea2b__overexposure__s3.jpg
bd8133fe5862ea2b,train,bd8133fe5862ea2b__noise__s3,noise,3,medium,1,dataset/generated/train/bd8133fe5862ea2b__noise__s3.jpg
bd8133fe5862ea2b,train,bd8133fe5862ea2b__compression__s3,compression,3,medium,1,dataset/generated/train/bd8133fe5862ea2b__compression__s3.jpg
71a37c25cdf944cf,train,71a37c25cdf944cf__clean,none,0,none,0,dataset/generated/train/71a37c25cdf944cf__clean.jpg
71a37c25cdf944cf,train,71a37c25cdf944cf__blur__s3,blur,3,medium,1,dataset/generated/train/71a37c25cdf944cf__blur__s3.jpg
71a37c25cdf944cf,train,71a37c25cdf944cf__motion_blur__s3,motion_blur,3,medium,1,dataset/generated/train/71a37c25cdf944cf__motion_blur__s3.jpg
71a37c25cdf944cf,train,71a37c25cdf944cf__underexposure__s3,underexposure,3,medium,1,dataset/generated/train/71a37c25cdf944cf__underexposure__s3.jpg
71a37c25cdf944cf,train,71a37c25cdf944cf__overexposure__s3,overexposure,3,medium,1,dataset/generated/train/71a37c25cdf944cf__overexposure__s3.jpg
71a37c25cdf944cf,train,71a37c25cdf944cf__noise__s3,noise,3,medium,1,dataset/generated/train/71a37c25cdf944cf__noise__s3.jpg
71a37c25cdf944cf,train,71a37c25cdf944cf__compression__s3,compression,3,medium,1,dataset/generated/train/71a37c25cdf944cf__compression__s3.jpg
46d2a5feb3f953b5,train,46d2a5feb3f953b5__clean,none,0,none,0,dataset/generated/train/46d2a5feb3f953b5__clean.jpg
46d2a5feb3f953b5,train,46d2a5feb3f953b5__blur__s3,blur,3,medium,1,dataset/generated/train/46d2a5feb3f953b5__blur__s3.jpg
46d2a5feb3f953b5,train,46d2a5feb3f953b5__motion_blur__s3,motion_blur,3,medium,1,dataset/generated/train/46d2a5feb3f953b5__motion_blur__s3.jpg
46d2a5feb3f953b5,train,46d2a5feb3f953b5__underexposure__s3,underexposure,3,medium,1,dataset/generated/train/46d2a5feb3f953b5__underexposure__s3.jpg
46d2a5feb3f953b5,train,46d2a5feb3f953b5__overexposure__s3,overexposure,3,medium,1,dataset/generated/train/46d2a5feb3f953b5__overexposure__s3.jpg
46d2a5feb3f953b5,train,46d2a5feb3f953b5__noise__s3,noise,3,medium,1,dataset/generated/train/46d2a5feb3f953b5__noise__s3.jpg
46d2a5feb3f953b5,train,46d2a5feb3f953b5__compression__s3,compression,3,medium,1,dataset/generated/train/46d2a5feb3f953b5__compression__s3.jpg
ffe0f0cec3b2e27a,train,ffe0f0cec3b2e27a__clean,none,0,none,0,dataset/generated/train/ffe0f0cec3b2e27a__clean.jpg
ffe0f0cec3b2e27a,train,ffe0f0cec3b2e27a__blur__s3,blur,3,medium,1,dataset/generated/train/ffe0f0cec3b2e27a__blur__s3.jpg
ffe0f0cec3b2e27a,train,ffe0f0cec3b2e27a__motion_blur__s3,motion_blur,3,medium,1,dataset/generated/train/ffe0f0cec3b2e27a__motion_blur__s3.jpg
ffe0f0cec3b2e27a,train,ffe0f0cec3b2e27a__underexposure__s3,underexposure,3,medium,1,dataset/generated/train/ffe0f0cec3b2e27a__underexposure__s3.jpg
ffe0f0cec3b2e27a,train,ffe0f0cec3b2e27a__overexposure__s3,overexposure,3,medium,1,dataset/generated/train/ffe0f0cec3b2e27a__overexposure__s3.jpg
ffe0f0cec3b2e27a,train,ffe0f0cec3b2e27a__noise__s3,noise,3,medium,1,dataset/generated/train/ffe0f0cec3b2e27a__noise__s3.jpg
ffe0f0cec3b2e27a,train,ffe0f0cec3b2e27a__compression__s3,compression,3,medium,1,dataset/generated/train/ffe0f0cec3b2e27a__compression__s3.jpg
b088f1fc8e86da21,train,b088f1fc8e86da21__clean,none,0,none,0,dataset/generated/train/b088f1fc8e86da21__clean.jpg
b088f1fc8e86da21,train,b088f1fc8e86da21__blur__s3,blur,3,medium,1,dataset/generated/train/b088f1fc8e86da21__blur__s3.jpg
b088f1fc8e86da21,train,b088f1fc8e86da21__motion_blur__s3,motion_blur,3,medium,1,dataset/generated/train/b088f1fc8e86da21__motion_blur__s3.jpg
b088f1fc8e86da21,train,b088f1fc8e86da21__underexposure__s3,underexposure,3,medium,1,dataset/generated/train/b088f1fc8e86da21__underexposure__s3.jpg
b088f1fc8e86da21,train,b088f1fc8e86da21__overexposure__s3,overexposure,3,medium,1,dataset/generated/train/b088f1fc8e86da21__overexposure__s3.jpg
b088f1fc8e86da21,train,b088f1fc8e86da21__noise__s3,noise,3,medium,1,dataset/generated/train/b088f1fc8e86da21__noise__s3.jpg
b088f1fc8e86da21,train,b088f1fc8e86da21__compression__s3,compression,3,medium,1,dataset/generated/train/b088f1fc8e86da21__compression__s3.jpg
fc017f5308d348bd,train,fc017f5308d348bd__clean,none,0,none,0,dataset/generated/train/fc017f5308d348bd__clean.jpg
fc017f5308d348bd,train,fc017f5308d348bd__blur__s3,blur,3,medium,1,dataset/generated/train/fc017f5308d348bd__blur__s3.jpg
fc017f5308d348bd,train,fc017f5308d348bd__motion_blur__s3,motion_blur,3,medium,1,dataset/generated/train/fc017f5308d348bd__motion_blur__s3.jpg
fc017f5308d348bd,train,fc017f5308d348bd__underexposure__s3,underexposure,3,medium,1,dataset/generated/train/fc017f5308d348bd__underexposure__s3.jpg
fc017f5308d348bd,train,fc017f5308d348bd__overexposure__s3,overexposure,3,medium,1,dataset/generated/train/fc017f5308d348bd__overexposure__s3.jpg
fc017f5308d348bd,train,fc017f5308d348bd__noise__s3,noise,3,medium,1,dataset/generated/train/fc017f5308d348bd__noise__s3.jpg
fc017f5308d348bd,train,fc017f5308d348bd__compression__s3,compression,3,medium,1,dataset/generated/train/fc017f5308d348bd__compression__s3.jpg
1a613f9b09db3b7b,train,1a613f9b09db3b7b__clean,none,0,none,0,dataset/generated/train/1a613f9b09db3b7b__clean.jpg
1a613f9b09db3b7b,train,1a613f9b09db3b7b__blur__s3,blur,3,medium,1,dataset/generated/train/1a613f9b09db3b7b__blur__s3.jpg
1a613f9b09db3b7b,train,1a613f9b09db3b7b__motion_blur__s3,motion_blur,3,medium,1,dataset/generated/train/1a613f9b09db3b7b__motion_blur__s3.jpg
1a613f9b09db3b7b,train,1a613f9b09db3b7b__underexposure__s3,underexposure,3,medium,1,dataset/generated/train/1a613f9b09db3b7b__underexposure__s3.jpg
1a613f9b09db3b7b,train,1a613f9b09db3b7b__overexposure__s3,overexposure,3,medium,1,dataset/generated/train/1a613f9b09db3b7b__overexposure__s3.jpg
1a613f9b09db3b7b,train,1a613f9b09db3b7b__noise__s3,noise,3,medium,1,dataset/generated/train/1a613f9b09db3b7b__noise__s3.jpg
1a613f9b09db3b7b,train,1a613f9b09db3b7b__compression__s3,compression,3,medium,1,dataset/generated/train/1a613f9b09db3b7b__compression__s3.jpg
5c0e559c75d3969c,train,5c0e559c75d3969c__clean,none,0,none,0,dataset/generated/train/5c0e559c75d3969c__clean.jpg
5c0e559c75d3969c,train,5c0e559c75d3969c__blur__s3,blur,3,medium,1,dataset/generated/train/5c0e559c75d3969c__blur__s3.jpg
5c0e559c75d3969c,train,5c0e559c75d3969c__motion_blur__s3,motion_blur,3,medium,1,dataset/generated/train/5c0e559c75d3969c__motion_blur__s3.jpg
5c0e559c75d3969c,train,5c0e559c75d3969c__underexposure__s3,underexposure,3,medium,1,dataset/generated/train/5c0e559c75d3969c__underexposure__s3.jpg
5c0e559c75d3969c,train,5c0e559c75d3969c__overexposure__s3,overexposure,3,medium,1,dataset/generated/train/5c0e559c75d3969c__overexposure__s3.jpg
5c0e559c75d3969c,train,5c0e559c75d3969c__noise__s3,noise,3,medium,1,dataset/generated/train/5c0e559c75d3969c__noise__s3.jpg
5c0e559c75d3969c,train,5c0e559c75d3969c__compression__s3,compression,3,medium,1,dataset/generated/train/5c0e559c75d3969c__compression__s3.jpg
c33842fbbd962684,train,c33842fbbd962684__clean,none,0,none,0,dataset/generated/train/c33842fbbd962684__clean.jpg
c33842fbbd962684,train,c33842fbbd962684__blur__s3,blur,3,medium,1,dataset/generated/train/c33842fbbd962684__blur__s3.jpg
c33842fbbd962684,train,c33842fbbd962684__motion_blur__s3,motion_blur,3,medium,1,dataset/generated/train/c33842fbbd962684__motion_blur__s3.jpg
c33842fbbd962684,train,c33842fbbd962684__underexposure__s3,underexposure,3,medium,1,dataset/generated/train/c33842fbbd962684__underexposure__s3.jpg
c33842fbbd962684,train,c33842fbbd962684__overexposure__s3,overexposure,3,medium,1,dataset/generated/train/c33842fbbd962684__overexposure__s3.jpg
c33842fbbd962684,train,c33842fbbd962684__noise__s3,noise,3,medium,1,dataset/generated/train/c33842fbbd962684__noise__s3.jpg
c33842fbbd962684,train,c33842fbbd962684__compression__s3,compression,3,medium,1,dataset/generated/train/c33842fbbd962684__compression__s3.jpg
cf670ca35fb16e59,train,cf670ca35fb16e59__clean,none,0,none,0,dataset/generated/train/cf670ca35fb16e59__clean.jpg
cf670ca35fb16e59,train,cf670ca35fb16e59__blur__s3,blur,3,medium,1,dataset/generated/train/cf670ca35fb16e59__blur__s3.jpg
cf670ca35fb16e59,train,cf670ca35fb16e59__motion_blur__s3,motion_blur,3,medium,1,dataset/generated/train/cf670ca35fb16e59__motion_blur__s3.jpg
cf670ca35fb16e59,train,cf670ca35fb16e59__underexposure__s3,underexposure,3,medium,1,dataset/generated/train/cf670ca35fb16e59__underexposure__s3.jpg
cf670ca35fb16e59,train,cf670ca35fb16e59__overexposure__s3,overexposure,3,medium,1,dataset/generated/train/cf670ca35fb16e59__overexposure__s3.jpg
cf670ca35fb16e59,train,cf670ca35fb16e59__noise__s3,noise,3,medium,1,dataset/generated/train/cf670ca35fb16e59__noise__s3.jpg
cf670ca35fb16e59,train,cf670ca35fb16e59__compression__s3,compression,3,medium,1,dataset/generated/train/cf670ca35fb16e59__compression__s3.jpg
7c735e89b3699afc,train,7c735e89b3699afc__clean,none,0,none,0,dataset/generated/train/7c735e89b3699afc__clean.jpg
7c735e89b3699afc,train,7c735e89b3699afc__blur__s3,blur,3,medium,1,dataset/generated/train/7c735e89b3699afc__blur__s3.jpg
7c735e89b3699afc,train,7c735e89b3699afc__motion_blur__s3,motion_blur,3,medium,1,dataset/generated/train/7c735e89b3699afc__motion_blur__s3.jpg
7c735e89b3699afc,train,7c735e89b3699afc__underexposure__s3,underexposure,3,medium,1,dataset/generated/train/7c735e89b3699afc__underexposure__s3.jpg
7c735e89b3699afc,train,7c735e89b3699afc__overexposure__s3,overexposure,3,medium,1,dataset/generated/train/7c735e89b3699afc__overexposure__s3.jpg
7c735e89b3699afc,train,7c735e89b3699afc__noise__s3,noise,3,medium,1,dataset/generated/train/7c735e89b3699afc__noise__s3.jpg
7c735e89b3699afc,train,7c735e89b3699afc__compression__s3,compression,3,medium,1,dataset/generated/train/7c735e89b3699afc__compression__s3.jpg
6f8994bac6aef060,train,6f8994bac6aef060__clean,none,0,none,0,dataset/generated/train/6f8994bac6aef060__clean.jpg
6f8994bac6aef060,train,6f8994bac6aef060__blur__s3,blur,3,medium,1,dataset/generated/train/6f8994bac6aef060__blur__s3.jpg
6f8994bac6aef060,train,6f8994bac6aef060__motion_blur__s3,motion_blur,3,medium,1,dataset/generated/train/6f8994bac6aef060__motion_blur__s3.jpg
6f8994bac6aef060,train,6f8994bac6aef060__underexposure__s3,underexposure,3,medium,1,dataset/generated/train/6f8994bac6aef060__underexposure__s3.jpg
6f8994bac6aef060,train,6f8994bac6aef060__overexposure__s3,overexposure,3,medium,1,dataset/generated/train/6f8994bac6aef060__overexposure__s3.jpg
6f8994bac6aef060,train,6f8994bac6aef060__noise__s3,noise,3,medium,1,dataset/generated/train/6f8994bac6aef060__noise__s3.jpg
6f8994bac6aef060,train,6f8994bac6aef060__compression__s3,compression,3,medium,1,dataset/generated/train/6f8994bac6aef060__compression__s3.jpg
692fc5469af5fffd,train,692fc5469af5fffd__clean,none,0,none,0,dataset/generated/train/692fc5469af5fffd__clean.jpg
692fc5469af5fffd,train,692fc5469af5fffd__blur__s3,blur,3,medium,1,dataset/generated/train/692fc5469af5fffd__blur__s3.jpg
692fc5469af5fffd,train,692fc5469af5fffd__motion_blur__s3,motion_blur,3,medium,1,dataset/generated/train/692fc5469af5fffd__motion_blur__s3.jpg
692fc5469af5fffd,train,692fc5469af5fffd__underexposure__s3,underexposure,3,medium,1,dataset/generated/train/692fc5469af5fffd__underexposure__s3.jpg
692fc5469af5fffd,train,692fc5469af5fffd__overexposure__s3,overexposure,3,medium,1,dataset/generated/train/692fc5469af5fffd__overexposure__s3.jpg
692fc5469af5fffd,train,692fc5469af5fffd__noise__s3,noise,3,medium,1,dataset/generated/train/692fc5469af5fffd__noise__s3.jpg
692fc5469af5fffd,train,692fc5469af5fffd__compression__s3,compression,3,medium,1,dataset/generated/train/692fc5469af5fffd__compression__s3.jpg
ffa3d472d44184b1,train,ffa3d472d44184b1__clean,none,0,none,0,dataset/generated/train/ffa3d472d44184b1__clean.jpg
ffa3d472d44184b1,train,ffa3d472d44184b1__blur__s3,blur,3,medium,1,dataset/generated/train/ffa3d472d44184b1__blur__s3.jpg
ffa3d472d44184b1,train,ffa3d472d44184b1__motion_blur__s3,motion_blur,3,medium,1,dataset/generated/train/ffa3d472d44184b1__motion_blur__s3.jpg
ffa3d472d44184b1,train,ffa3d472d44184b1__underexposure__s3,underexposure,3,medium,1,dataset/generated/train/ffa3d472d44184b1__underexposure__s3.jpg
ffa3d472d44184b1,train,ffa3d472d44184b1__overexposure__s3,overexposure,3,medium,1,dataset/generated/train/ffa3d472d44184b1__overexposure__s3.jpg
ffa3d472d44184b1,train,ffa3d472d44184b1__noise__s3,noise,3,medium,1,dataset/generated/train/ffa3d472d44184b1__noise__s3.jpg
ffa3d472d44184b1,train,ffa3d472d44184b1__compression__s3,compression,3,medium,1,dataset/generated/train/ffa3d472d44184b1__compression__s3.jpg
8746b068c166782f,train,8746b068c166782f__clean,none,0,none,0,dataset/generated/train/8746b068c166782f__clean.jpg
8746b068c166782f,train,8746b068c166782f__blur__s3,blur,3,medium,1,dataset/generated/train/8746b068c166782f__blur__s3.jpg
8746b068c166782f,train,8746b068c166782f__motion_blur__s3,motion_blur,3,medium,1,dataset/generated/train/8746b068c166782f__motion_blur__s3.jpg
8746b068c166782f,train,8746b068c166782f__underexposure__s3,underexposure,3,medium,1,dataset/generated/train/8746b068c166782f__underexposure__s3.jpg
8746b068c166782f,train,8746b068c166782f__overexposure__s3,overexposure,3,medium,1,dataset/generated/train/8746b068c166782f__overexposure__s3.jpg
8746b068c166782f,train,8746b068c166782f__noise__s3,noise,3,medium,1,dataset/generated/train/8746b068c166782f__noise__s3.jpg
8746b068c166782f,train,8746b068c166782f__compression__s3,compression,3,medium,1,dataset/generated/train/8746b068c166782f__compression__s3.jpg
d5c4394c712e5c24,train,d5c4394c712e5c24__clean,none,0,none,0,dataset/generated/train/d5c4394c712e5c24__clean.jpg
d5c4394c712e5c24,train,d5c4394c712e5c24__blur__s3,blur,3,medium,1,dataset/generated/train/d5c4394c712e5c24__blur__s3.jpg
d5c4394c712e5c24,train,d5c4394c712e5c24__motion_blur__s3,motion_blur,3,medium,1,dataset/generated/train/d5c4394c712e5c24__motion_blur__s3.jpg
d5c4394c712e5c24,train,d5c4394c712e5c24__underexposure__s3,underexposure,3,medium,1,dataset/generated/train/d5c4394c712e5c24__underexposure__s3.jpg
d5c4394c712e5c24,train,d5c4394c712e5c24__overexposure__s3,overexposure,3,medium,1,dataset/generated/train/d5c4394c712e5c24__overexposure__s3.jpg
d5c4394c712e5c24,train,d5c4394c712e5c24__noise__s3,noise,3,medium,1,dataset/generated/train/d5c4394c712e5c24__noise__s3.jpg
d5c4394c712e5c24,train,d5c4394c712e5c24__compression__s3,compression,3,medium,1,dataset/generated/train/d5c4394c712e5c24__compression__s3.jpg
1cccef217a1e5eec,train,1cccef217a1e5eec__clean,none,0,none,0,dataset/generated/train/1cccef217a1e5eec__clean.jpg
1cccef217a1e5eec,train,1cccef217a1e5eec__blur__s3,blur,3,medium,1,dataset/generated/train/1cccef217a1e5eec__blur__s3.jpg
1cccef217a1e5eec,train,1cccef217a1e5eec__motion_blur__s3,motion_blur,3,medium,1,dataset/generated/train/1cccef217a1e5eec__motion_blur__s3.jpg
1cccef217a1e5eec,train,1cccef217a1e5eec__underexposure__s3,underexposure,3,medium,1,dataset/generated/train/1cccef217a1e5eec__underexposure__s3.jpg
1cccef217a1e5eec,train,1cccef217a1e5eec__overexposure__s3,overexposure,3,medium,1,dataset/generated/train/1cccef217a1e5eec__overexposure__s3.jpg
1cccef217a1e5eec,train,1cccef217a1e5eec__noise__s3,noise,3,medium,1,dataset/generated/train/1cccef217a1e5eec__noise__s3.jpg
1cccef217a1e5eec,train,1cccef217a1e5eec__compression__s3,compression,3,medium,1,dataset/generated/train/1cccef217a1e5eec__compression__s3.jpg
59471a9bed5c28ac,train,59471a9bed5c28ac__clean,none,0,none,0,dataset/generated/train/59471a9bed5c28ac__clean.jpg
59471a9bed5c28ac,train,59471a9bed5c28ac__blur__s3,blur,3,medium,1,dataset/generated/train/59471a9bed5c28ac__blur__s3.jpg
59471a9bed5c28ac,train,59471a9bed5c28ac__motion_blur__s3,motion_blur,3,medium,1,dataset/generated/train/59471a9bed5c28ac__motion_blur__s3.jpg
59471a9bed5c28ac,train,59471a9bed5c28ac__underexposure__s3,underexposure,3,medium,1,dataset/generated/train/59471a9bed5c28ac__underexposure__s3.jpg
59471a9bed5c28ac,train,59471a9bed5c28ac__overexposure__s3,overexposure,3,medium,1,dataset/generated/train/59471a9bed5c28ac__overexposure__s3.jpg
59471a9bed5c28ac,train,59471a9bed5c28ac__noise__s3,noise,3,medium,1,dataset/generated/train/59471a9bed5c28ac__noise__s3.jpg
59471a9bed5c28ac,train,59471a9bed5c28ac__compression__s3,compression,3,medium,1,dataset/generated/train/59471a9bed5c28ac__compression__s3.jpg
2f1bfa7634a64f79,train,2f1bfa7634a64f79__clean,none,0,none,0,dataset/generated/train/2f1bfa7634a64f79__clean.jpg
2f1bfa7634a64f79,train,2f1bfa7634a64f79__blur__s3,blur,3,medium,1,dataset/generated/train/2f1bfa7634a64f79__blur__s3.jpg
2f1bfa7634a64f79,train,2f1bfa7634a64f79__motion_blur__s3,motion_blur,3,medium,1,dataset/generated/train/2f1bfa7634a64f79__motion_blur__s3.jpg
2f1bfa7634a64f79,train,2f1bfa7634a64f79__underexposure__s3,underexposure,3,medium,1,dataset/generated/train/2f1bfa7634a64f79__underexposure__s3.jpg
2f1bfa7634a64f79,train,2f1bfa7634a64f79__overexposure__s3,overexposure,3,medium,1,dataset/generated/train/2f1bfa7634a64f79__overexposure__s3.jpg
2f1bfa7634a64f79,train,2f1bfa7634a64f79__noise__s3,noise,3,medium,1,dataset/generated/train/2f1bfa7634a64f79__noise__s3.jpg
2f1bfa7634a64f79,train,2f1bfa7634a64f79__compression__s3,compression,3,medium,1,dataset/generated/train/2f1bfa7634a64f79__compression__s3.jpg
5d3d8315695f7c71,train,5d3d8315695f7c71__clean,none,0,none,0,dataset/generated/train/5d3d8315695f7c71__clean.jpg
5d3d8315695f7c71,train,5d3d8315695f7c71__blur__s3,blur,3,medium,1,dataset/generated/train/5d3d8315695f7c71__blur__s3.jpg
5d3d8315695f7c71,train,5d3d8315695f7c71__motion_blur__s3,motion_blur,3,medium,1,dataset/generated/train/5d3d8315695f7c71__motion_blur__s3.jpg
5d3d8315695f7c71,train,5d3d8315695f7c71__underexposure__s3,underexposure,3,medium,1,dataset/generated/train/5d3d8315695f7c71__underexposure__s3.jpg
5d3d8315695f7c71,train,5d3d8315695f7c71__overexposure__s3,overexposure,3,medium,1,dataset/generated/train/5d3d8315695f7c71__overexposure__s3.jpg
5d3d8315695f7c71,train,5d3d8315695f7c71__noise__s3,noise,3,medium,1,dataset/generated/train/5d3d8315695f7c71__noise__s3.jpg
5d3d8315695f7c71,train,5d3d8315695f7c71__compression__s3,compression,3,medium,1,dataset/generated/train/5d3d8315695f7c71__compression__s3.jpg
63c6fae2e3defd4b,train,63c6fae2e3defd4b__clean,none,0,none,0,dataset/generated/train/63c6fae2e3defd4b__clean.jpg
63c6fae2e3defd4b,train,63c6fae2e3defd4b__blur__s3,blur,3,medium,1,dataset/generated/train/63c6fae2e3defd4b__blur__s3.jpg
63c6fae2e3defd4b,train,63c6fae2e3defd4b__motion_blur__s3,motion_blur,3,medium,1,dataset/generated/train/63c6fae2e3defd4b__motion_blur__s3.jpg
63c6fae2e3defd4b,train,63c6fae2e3defd4b__underexposure__s3,underexposure,3,medium,1,dataset/generated/train/63c6fae2e3defd4b__underexposure__s3.jpg
63c6fae2e3defd4b,train,63c6fae2e3defd4b__overexposure__s3,overexposure,3,medium,1,dataset/generated/train/63c6fae2e3defd4b__overexposure__s3.jpg
63c6fae2e3defd4b,train,63c6fae2e3defd4b__noise__s3,noise,3,medium,1,dataset/generated/train/63c6fae2e3defd4b__noise__s3.jpg
63c6fae2e3defd4b,train,63c6fae2e3defd4b__compression__s3,compression,3,medium,1,dataset/generated/train/63c6fae2e3defd4b__compression__s3.jpg
24bb77a31928404e,train,24bb77a31928404e__clean,none,0,none,0,dataset/generated/train/24bb77a31928404e__clean.jpg
24bb77a31928404e,train,24bb77a31928404e__blur__s3,blur,3,medium,1,dataset/generated/train/24bb77a31928404e__blur__s3.jpg
24bb77a31928404e,train,24bb77a31928404e__motion_blur__s3,motion_blur,3,medium,1,dataset/generated/train/24bb77a31928404e__motion_blur__s3.jpg
24bb77a31928404e,train,24bb77a31928404e__underexposure__s3,underexposure,3,medium,1,dataset/generated/train/24bb77a31928404e__underexposure__s3.jpg
24bb77a31928404e,train,24bb77a31928404e__overexposure__s3,overexposure,3,medium,1,dataset/generated/train/24bb77a31928404e__overexposure__s3.jpg
24bb77a31928404e,train,24bb77a31928404e__noise__s3,noise,3,medium,1,dataset/generated/train/24bb77a31928404e__noise__s3.jpg
24bb77a31928404e,train,24bb77a31928404e__compression__s3,compression,3,medium,1,dataset/generated/train/24bb77a31928404e__compression__s3.jpg
c7e6e15f4db067c3,train,c7e6e15f4db067c3__clean,none,0,none,0,dataset/generated/train/c7e6e15f4db067c3__clean.jpg
c7e6e15f4db067c3,train,c7e6e15f4db067c3__blur__s3,blur,3,medium,1,dataset/generated/train/c7e6e15f4db067c3__blur__s3.jpg
c7e6e15f4db067c3,train,c7e6e15f4db067c3__motion_blur__s3,motion_blur,3,medium,1,dataset/generated/train/c7e6e15f4db067c3__motion_blur__s3.jpg
c7e6e15f4db067c3,train,c7e6e15f4db067c3__underexposure__s3,underexposure,3,medium,1,dataset/generated/train/c7e6e15f4db067c3__underexposure__s3.jpg
c7e6e15f4db067c3,train,c7e6e15f4db067c3__overexposure__s3,overexposure,3,medium,1,dataset/generated/train/c7e6e15f4db067c3__overexposure__s3.jpg
c7e6e15f4db067c3,train,c7e6e15f4db067c3__noise__s3,noise,3,medium,1,dataset/generated/train/c7e6e15f4db067c3__noise__s3.jpg
c7e6e15f4db067c3,train,c7e6e15f4db067c3__compression__s3,compression,3,medium,1,dataset/generated/train/c7e6e15f4db067c3__compression__s3.jpg
bc37072a4f32bc99,train,bc37072a4f32bc99__clean,none,0,none,0,dataset/generated/train/bc37072a4f32bc99__clean.jpg
bc37072a4f32bc99,train,bc37072a4f32bc99__blur__s3,blur,3,medium,1,dataset/generated/train/bc37072a4f32bc99__blur__s3.jpg
bc37072a4f32bc99,train,bc37072a4f32bc99__motion_blur__s3,motion_blur,3,medium,1,dataset/generated/train/bc37072a4f32bc99__motion_blur__s3.jpg
bc37072a4f32bc99,train,bc37072a4f32bc99__underexposure__s3,underexposure,3,medium,1,dataset/generated/train/bc37072a4f32bc99__underexposure__s3.jpg
bc37072a4f32bc99,train,bc37072a4f32bc99__overexposure__s3,overexposure,3,medium,1,dataset/generated/train/bc37072a4f32bc99__overexposure__s3.jpg
bc37072a4f32bc99,train,bc37072a4f32bc99__noise__s3,noise,3,medium,1,dataset/generated/train/bc37072a4f32bc99__noise__s3.jpg
bc37072a4f32bc99,train,bc37072a4f32bc99__compression__s3,compression,3,medium,1,dataset/generated/train/bc37072a4f32bc99__compression__s3.jpg
90fab997d1351b1c,train,90fab997d1351b1c__clean,none,0,none,0,dataset/generated/train/90fab997d1351b1c__clean.jpg
90fab997d1351b1c,train,90fab997d1351b1c__blur__s3,blur,3,medium,1,dataset/generated/train/90fab997d1351b1c__blur__s3.jpg
90fab997d1351b1c,train,90fab997d1351b1c__motion_blur__s3,motion_blur,3,medium,1,dataset/generated/train/90fab997d1351b1c__motion_blur__s3.jpg
90fab997d1351b1c,train,90fab997d1351b1c__underexposure__s3,underexposure,3,medium,1,dataset/generated/train/90fab997d1351b1c__underexposure__s3.jpg
90fab997d1351b1c,train,90fab997d1351b1c__overexposure__s3,overexposure,3,medium,1,dataset/generated/train/90fab997d1351b1c__overexposure__s3.jpg
90fab997d1351b1c,train,90fab997d1351b1c__noise__s3,noise,3,medium,1,dataset/generated/train/90fab997d1351b1c__noise__s3.jpg
90fab997d1351b1c,train,90fab997d1351b1c__compression__s3,compression,3,medium,1,dataset/generated/train/90fab997d1351b1c__compression__s3.jpg
1a0ad595a5675bdc,train,1a0ad595a5675bdc__clean,none,0,none,0,dataset/generated/train/1a0ad595a5675bdc__clean.jpg
1a0ad595a5675bdc,train,1a0ad595a5675bdc__blur__s3,blur,3,medium,1,dataset/generated/train/1a0ad595a5675bdc__blur__s3.jpg
1a0ad595a5675bdc,train,1a0ad595a5675bdc__motion_blur__s3,motion_blur,3,medium,1,dataset/generated/train/1a0ad595a5675bdc__motion_blur__s3.jpg
1a0ad595a5675bdc,train,1a0ad595a5675bdc__underexposure__s3,underexposure,3,medium,1,dataset/generated/train/1a0ad595a5675bdc__underexposure__s3.jpg
1a0ad595a5675bdc,train,1a0ad595a5675bdc__overexposure__s3,overexposure,3,medium,1,dataset/generated/train/1a0ad595a5675bdc__overexposure__s3.jpg
1a0ad595a5675bdc,train,1a0ad595a5675bdc__noise__s3,noise,3,medium,1,dataset/generated/train/1a0ad595a5675bdc__noise__s3.jpg
1a0ad595a5675bdc,train,1a0ad595a5675bdc__compression__s3,compression,3,medium,1,dataset/generated/train/1a0ad595a5675bdc__compression__s3.jpg
5643dd54684df975,train,5643dd54684df975__clean,none,0,none,0,dataset/generated/train/5643dd54684df975__clean.jpg
5643dd54684df975,train,5643dd54684df975__blur__s3,blur,3,medium,1,dataset/generated/train/5643dd54684df975__blur__s3.jpg
5643dd54684df975,train,5643dd54684df975__motion_blur__s3,motion_blur,3,medium,1,dataset/generated/train/5643dd54684df975__motion_blur__s3.jpg
5643dd54684df975,train,5643dd54684df975__underexposure__s3,underexposure,3,medium,1,dataset/generated/train/5643dd54684df975__underexposure__s3.jpg
5643dd54684df975,train,5643dd54684df975__overexposure__s3,overexposure,3,medium,1,dataset/generated/train/5643dd54684df975__overexposure__s3.jpg
5643dd54684df975,train,5643dd54684df975__noise__s3,noise,3,medium,1,dataset/generated/train/5643dd54684df975__noise__s3.jpg
5643dd54684df975,train,5643dd54684df975__compression__s3,compression,3,medium,1,dataset/generated/train/5643dd54684df975__compression__s3.jpg
cb4972816eb01ebe,train,cb4972816eb01ebe__clean,none,0,none,0,dataset/generated/train/cb4972816eb01ebe__clean.jpg
cb4972816eb01ebe,train,cb4972816eb01ebe__blur__s3,blur,3,medium,1,dataset/generated/train/cb4972816eb01ebe__blur__s3.jpg
cb4972816eb01ebe,train,cb4972816eb01ebe__motion_blur__s3,motion_blur,3,medium,1,dataset/generated/train/cb4972816eb01ebe__motion_blur__s3.jpg
cb4972816eb01ebe,train,cb4972816eb01ebe__underexposure__s3,underexposure,3,medium,1,dataset/generated/train/cb4972816eb01ebe__underexposure__s3.jpg
cb4972816eb01ebe,train,cb4972816eb01ebe__overexposure__s3,overexposure,3,medium,1,dataset/generated/train/cb4972816eb01ebe__overexposure__s3.jpg
cb4972816eb01ebe,train,cb4972816eb01ebe__noise__s3,noise,3,medium,1,dataset/generated/train/cb4972816eb01ebe__noise__s3.jpg
cb4972816eb01ebe,train,cb4972816eb01ebe__compression__s3,compression,3,medium,1,dataset/generated/train/cb4972816eb01ebe__compression__s3.jpg
77131e2f74aa7e37,train,77131e2f74aa7e37__clean,none,0,none,0,dataset/generated/train/77131e2f74aa7e37__clean.jpg
77131e2f74aa7e37,train,77131e2f74aa7e37__blur__s3,blur,3,medium,1,dataset/generated/train/77131e2f74aa7e37__blur__s3.jpg
77131e2f74aa7e37,train,77131e2f74aa7e37__motion_blur__s3,motion_blur,3,medium,1,dataset/generated/train/77131e2f74aa7e37__motion_blur__s3.jpg
77131e2f74aa7e37,train,77131e2f74aa7e37__underexposure__s3,underexposure,3,medium,1,dataset/generated/train/77131e2f74aa7e37__underexposure__s3.jpg
77131e2f74aa7e37,train,77131e2f74aa7e37__overexposure__s3,overexposure,3,medium,1,dataset/generated/train/77131e2f74aa7e37__overexposure__s3.jpg
77131e2f74aa7e37,train,77131e2f74aa7e37__noise__s3,noise,3,medium,1,dataset/generated/train/77131e2f74aa7e37__noise__s3.jpg
77131e2f74aa7e37,train,77131e2f74aa7e37__compression__s3,compression,3,medium,1,dataset/generated/train/77131e2f74aa7e37__compression__s3.jpg
0acb919d23df8f51,train,0acb919d23df8f51__clean,none,0,none,0,dataset/generated/train/0acb919d23df8f51__clean.jpg
0acb919d23df8f51,train,0acb919d23df8f51__blur__s3,blur,3,medium,1,dataset/generated/train/0acb919d23df8f51__blur__s3.jpg
0acb919d23df8f51,train,0acb919d23df8f51__motion_blur__s3,motion_blur,3,medium,1,dataset/generated/train/0acb919d23df8f51__motion_blur__s3.jpg
0acb919d23df8f51,train,0acb919d23df8f51__underexposure__s3,underexposure,3,medium,1,dataset/generated/train/0acb919d23df8f51__underexposure__s3.jpg
0acb919d23df8f51,train,0acb919d23df8f51__overexposure__s3,overexposure,3,medium,1,dataset/generated/train/0acb919d23df8f51__overexposure__s3.jpg
0acb919d23df8f51,train,0acb919d23df8f51__noise__s3,noise,3,medium,1,dataset/generated/train/0acb919d23df8f51__noise__s3.jpg
0acb919d23df8f51,train,0acb919d23df8f51__compression__s3,compression,3,medium,1,dataset/generated/train/0acb919d23df8f51__compression__s3.jpg
237e72d5ffb557b5,train,237e72d5ffb557b5__clean,none,0,none,0,dataset/generated/train/237e72d5ffb557b5__clean.jpg
237e72d5ffb557b5,train,237e72d5ffb557b5__blur__s3,blur,3,medium,1,dataset/generated/train/237e72d5ffb557b5__blur__s3.jpg
237e72d5ffb557b5,train,237e72d5ffb557b5__motion_blur__s3,motion_blur,3,medium,1,dataset/generated/train/237e72d5ffb557b5__motion_blur__s3.jpg
237e72d5ffb557b5,train,237e72d5ffb557b5__underexposure__s3,underexposure,3,medium,1,dataset/generated/train/237e72d5ffb557b5__underexposure__s3.jpg
237e72d5ffb557b5,train,237e72d5ffb557b5__overexposure__s3,overexposure,3,medium,1,dataset/generated/train/237e72d5ffb557b5__overexposure__s3.jpg
237e72d5ffb557b5,train,237e72d5ffb557b5__noise__s3,noise,3,medium,1,dataset/generated/train/237e72d5ffb557b5__noise__s3.jpg
237e72d5ffb557b5,train,237e72d5ffb557b5__compression__s3,compression,3,medium,1,dataset/generated/train/237e72d5ffb557b5__compression__s3.jpg
5c4214d0503ea4ad,train,5c4214d0503ea4ad__clean,none,0,none,0,dataset/generated/train/5c4214d0503ea4ad__clean.jpg
5c4214d0503ea4ad,train,5c4214d0503ea4ad__blur__s3,blur,3,medium,1,dataset/generated/train/5c4214d0503ea4ad__blur__s3.jpg
5c4214d0503ea4ad,train,5c4214d0503ea4ad__motion_blur__s3,motion_blur,3,medium,1,dataset/generated/train/5c4214d0503ea4ad__motion_blur__s3.jpg
5c4214d0503ea4ad,train,5c4214d0503ea4ad__underexposure__s3,underexposure,3,medium,1,dataset/generated/train/5c4214d0503ea4ad__underexposure__s3.jpg
5c4214d0503ea4ad,train,5c4214d0503ea4ad__overexposure__s3,overexposure,3,medium,1,dataset/generated/train/5c4214d0503ea4ad__overexposure__s3.jpg
5c4214d0503ea4ad,train,5c4214d0503ea4ad__noise__s3,noise,3,medium,1,dataset/generated/train/5c4214d0503ea4ad__noise__s3.jpg
5c4214d0503ea4ad,train,5c4214d0503ea4ad__compression__s3,compression,3,medium,1,dataset/generated/train/5c4214d0503ea4ad__compression__s3.jpg
adba86ef9a0dd155,train,adba86ef9a0dd155__clean,none,0,none,0,dataset/generated/train/adba86ef9a0dd155__clean.jpg
adba86ef9a0dd155,train,adba86ef9a0dd155__blur__s3,blur,3,medium,1,dataset/generated/train/adba86ef9a0dd155__blur__s3.jpg
adba86ef9a0dd155,train,adba86ef9a0dd155__motion_blur__s3,motion_blur,3,medium,1,dataset/generated/train/adba86ef9a0dd155__motion_blur__s3.jpg
adba86ef9a0dd155,train,adba86ef9a0dd155__underexposure__s3,underexposure,3,medium,1,dataset/generated/train/adba86ef9a0dd155__underexposure__s3.jpg
adba86ef9a0dd155,train,adba86ef9a0dd155__overexposure__s3,overexposure,3,medium,1,dataset/generated/train/adba86ef9a0dd155__overexposure__s3.jpg
adba86ef9a0dd155,train,adba86ef9a0dd155__noise__s3,noise,3,medium,1,dataset/generated/train/adba86ef9a0dd155__noise__s3.jpg
adba86ef9a0dd155,train,adba86ef9a0dd155__compression__s3,compression,3,medium,1,dataset/generated/train/adba86ef9a0dd155__compression__s3.jpg
2f0360e89d71b146,train,2f0360e89d71b146__clean,none,0,none,0,dataset/generated/train/2f0360e89d71b146__clean.jpg
2f0360e89d71b146,train,2f0360e89d71b146__blur__s3,blur,3,medium,1,dataset/generated/train/2f0360e89d71b146__blur__s3.jpg
2f0360e89d71b146,train,2f0360e89d71b146__motion_blur__s3,motion_blur,3,medium,1,dataset/generated/train/2f0360e89d71b146__motion_blur__s3.jpg
2f0360e89d71b146,train,2f0360e89d71b146__underexposure__s3,underexposure,3,medium,1,dataset/generated/train/2f0360e89d71b146__underexposure__s3.jpg
2f0360e89d71b146,train,2f0360e89d71b146__overexposure__s3,overexposure,3,medium,1,dataset/generated/train/2f0360e89d71b146__overexposure__s3.jpg
2f0360e89d71b146,train,2f0360e89d71b146__noise__s3,noise,3,medium,1,dataset/generated/train/2f0360e89d71b146__noise__s3.jpg
2f0360e89d71b146,train,2f0360e89d71b146__compression__s3,compression,3,medium,1,dataset/generated/train/2f0360e89d71b146__compression__s3.jpg
9615e4dc9099e860,train,9615e4dc9099e860__clean,none,0,none,0,dataset/generated/train/9615e4dc9099e860__clean.jpg
9615e4dc9099e860,train,9615e4dc9099e860__blur__s3,blur,3,medium,1,dataset/generated/train/9615e4dc9099e860__blur__s3.jpg
9615e4dc9099e860,train,9615e4dc9099e860__motion_blur__s3,motion_blur,3,medium,1,dataset/generated/train/9615e4dc9099e860__motion_blur__s3.jpg
9615e4dc9099e860,train,9615e4dc9099e860__underexposure__s3,underexposure,3,medium,1,dataset/generated/train/9615e4dc9099e860__underexposure__s3.jpg
9615e4dc9099e860,train,9615e4dc9099e860__overexposure__s3,overexposure,3,medium,1,dataset/generated/train/9615e4dc9099e860__overexposure__s3.jpg
9615e4dc9099e860,train,9615e4dc9099e860__noise__s3,noise,3,medium,1,dataset/generated/train/9615e4dc9099e860__noise__s3.jpg
9615e4dc9099e860,train,9615e4dc9099e860__compression__s3,compression,3,medium,1,dataset/generated/train/9615e4dc9099e860__compression__s3.jpg
323e51d944faa233,train,323e51d944faa233__clean,none,0,none,0,dataset/generated/train/323e51d944faa233__clean.jpg
323e51d944faa233,train,323e51d944faa233__blur__s3,blur,3,medium,1,dataset/generated/train/323e51d944faa233__blur__s3.jpg
323e51d944faa233,train,323e51d944faa233__motion_blur__s3,motion_blur,3,medium,1,dataset/generated/train/323e51d944faa233__motion_blur__s3.jpg
323e51d944faa233,train,323e51d944faa233__underexposure__s3,underexposure,3,medium,1,dataset/generated/train/323e51d944faa233__underexposure__s3.jpg
323e51d944faa233,train,323e51d944faa233__overexposure__s3,overexposure,3,medium,1,dataset/generated/train/323e51d944faa233__overexposure__s3.jpg
323e51d944faa233,train,323e51d944faa233__noise__s3,noise,3,medium,1,dataset/generated/train/323e51d944faa233__noise__s3.jpg
323e51d944faa233,train,323e51d944faa233__compression__s3,compression,3,medium,1,dataset/generated/train/323e51d944faa233__compression__s3.jpg
14ffbd7ab7a01e0d,train,14ffbd7ab7a01e0d__clean,none,0,none,0,dataset/generated/train/14ffbd7ab7a01e0d__clean.jpg
14ffbd7ab7a01e0d,train,14ffbd7ab7a01e0d__blur__s3,blur,3,medium,1,dataset/generated/train/14ffbd7ab7a01e0d__blur__s3.jpg
14ffbd7ab7a01e0d,train,14ffbd7ab7a01e0d__motion_blur__s3,motion_blur,3,medium,1,dataset/generated/train/14ffbd7ab7a01e0d__motion_blur__s3.jpg
14ffbd7ab7a01e0d,train,14ffbd7ab7a01e0d__underexposure__s3,underexposure,3,medium,1,dataset/generated/train/14ffbd7ab7a01e0d__underexposure__s3.jpg
14ffbd7ab7a01e0d,train,14ffbd7ab7a01e0d__overexposure__s3,overexposure,3,medium,1,dataset/generated/train/14ffbd7ab7a01e0d__overexposure__s3.jpg
14ffbd7ab7a01e0d,train,14ffbd7ab7a01e0d__noise__s3,noise,3,medium,1,dataset/generated/train/14ffbd7ab7a01e0d__noise__s3.jpg
14ffbd7ab7a01e0d,train,14ffbd7ab7a01e0d__compression__s3,compression,3,medium,1,dataset/generated/train/14ffbd7ab7a01e0d__compression__s3.jpg
1a038609e5ceb071,train,1a038609e5ceb071__clean,none,0,none,0,dataset/generated/train/1a038609e5ceb071__clean.jpg
1a038609e5ceb071,train,1a038609e5ceb071__blur__s3,blur,3,medium,1,dataset/generated/train/1a038609e5ceb071__blur__s3.jpg
1a038609e5ceb071,train,1a038609e5ceb071__motion_blur__s3,motion_blur,3,medium,1,dataset/generated/train/1a038609e5ceb071__motion_blur__s3.jpg
1a038609e5ceb071,train,1a038609e5ceb071__underexposure__s3,underexposure,3,medium,1,dataset/generated/train/1a038609e5ceb071__underexposure__s3.jpg
1a038609e5ceb071,train,1a038609e5ceb071__overexposure__s3,overexposure,3,medium,1,dataset/generated/train/1a038609e5ceb071__overexposure__s3.jpg
1a038609e5ceb071,train,1a038609e5ceb071__noise__s3,noise,3,medium,1,dataset/generated/train/1a038609e5ceb071__noise__s3.jpg
1a038609e5ceb071,train,1a038609e5ceb071__compression__s3,compression,3,medium,1,dataset/generated/train/1a038609e5ceb071__compression__s3.jpg
2c922f6ec30f9c4e,train,2c922f6ec30f9c4e__clean,none,0,none,0,dataset/generated/train/2c922f6ec30f9c4e__clean.jpg
2c922f6ec30f9c4e,train,2c922f6ec30f9c4e__blur__s3,blur,3,medium,1,dataset/generated/train/2c922f6ec30f9c4e__blur__s3.jpg
2c922f6ec30f9c4e,train,2c922f6ec30f9c4e__motion_blur__s3,motion_blur,3,medium,1,dataset/generated/train/2c922f6ec30f9c4e__motion_blur__s3.jpg
2c922f6ec30f9c4e,train,2c922f6ec30f9c4e__underexposure__s3,underexposure,3,medium,1,dataset/generated/train/2c922f6ec30f9c4e__underexposure__s3.jpg
2c922f6ec30f9c4e,train,2c922f6ec30f9c4e__overexposure__s3,overexposure,3,medium,1,dataset/generated/train/2c922f6ec30f9c4e__overexposure__s3.jpg
2c922f6ec30f9c4e,train,2c922f6ec30f9c4e__noise__s3,noise,3,medium,1,dataset/generated/train/2c922f6ec30f9c4e__noise__s3.jpg
2c922f6ec30f9c4e,train,2c922f6ec30f9c4e__compression__s3,compression,3,medium,1,dataset/generated/train/2c922f6ec30f9c4e__compression__s3.jpg
7cd0d627b15c09f3,train,7cd0d627b15c09f3__clean,none,0,none,0,dataset/generated/train/7cd0d627b15c09f3__clean.jpg
7cd0d627b15c09f3,train,7cd0d627b15c09f3__blur__s3,blur,3,medium,1,dataset/generated/train/7cd0d627b15c09f3__blur__s3.jpg
7cd0d627b15c09f3,train,7cd0d627b15c09f3__motion_blur__s3,motion_blur,3,medium,1,dataset/generated/train/7cd0d627b15c09f3__motion_blur__s3.jpg
7cd0d627b15c09f3,train,7cd0d627b15c09f3__underexposure__s3,underexposure,3,medium,1,dataset/generated/train/7cd0d627b15c09f3__underexposure__s3.jpg
7cd0d627b15c09f3,train,7cd0d627b15c09f3__overexposure__s3,overexposure,3,medium,1,dataset/generated/train/7cd0d627b15c09f3__overexposure__s3.jpg
7cd0d627b15c09f3,train,7cd0d627b15c09f3__noise__s3,noise,3,medium,1,dataset/generated/train/7cd0d627b15c09f3__noise__s3.jpg
7cd0d627b15c09f3,train,7cd0d627b15c09f3__compression__s3,compression,3,medium,1,dataset/generated/train/7cd0d627b15c09f3__compression__s3.jpg
99600c56dc25c72d,train,99600c56dc25c72d__clean,none,0,none,0,dataset/generated/train/99600c56dc25c72d__clean.jpg
99600c56dc25c72d,train,99600c56dc25c72d__blur__s3,blur,3,medium,1,dataset/generated/train/99600c56dc25c72d__blur__s3.jpg
99600c56dc25c72d,train,99600c56dc25c72d__motion_blur__s3,motion_blur,3,medium,1,dataset/generated/train/99600c56dc25c72d__motion_blur__s3.jpg
99600c56dc25c72d,train,99600c56dc25c72d__underexposure__s3,underexposure,3,medium,1,dataset/generated/train/99600c56dc25c72d__underexposure__s3.jpg
99600c56dc25c72d,train,99600c56dc25c72d__overexposure__s3,overexposure,3,medium,1,dataset/generated/train/99600c56dc25c72d__overexposure__s3.jpg
99600c56dc25c72d,train,99600c56dc25c72d__noise__s3,noise,3,medium,1,dataset/generated/train/99600c56dc25c72d__noise__s3.jpg
99600c56dc25c72d,train,99600c56dc25c72d__compression__s3,compression,3,medium,1,dataset/generated/train/99600c56dc25c72d__compression__s3.jpg
f3a2974ce3686332,train,f3a2974ce3686332__clean,none,0,none,0,dataset/generated/train/f3a2974ce3686332__clean.jpg
f3a2974ce3686332,train,f3a2974ce3686332__blur__s3,blur,3,medium,1,dataset/generated/train/f3a2974ce3686332__blur__s3.jpg
f3a2974ce3686332,train,f3a2974ce3686332__motion_blur__s3,motion_blur,3,medium,1,dataset/generated/train/f3a2974ce3686332__motion_blur__s3.jpg
f3a2974ce3686332,train,f3a2974ce3686332__underexposure__s3,underexposure,3,medium,1,dataset/generated/train/f3a2974ce3686332__underexposure__s3.jpg
f3a2974ce3686332,train,f3a2974ce3686332__overexposure__s3,overexposure,3,medium,1,dataset/generated/train/f3a2974ce3686332__overexposure__s3.jpg
f3a2974ce3686332,train,f3a2974ce3686332__noise__s3,noise,3,medium,1,dataset/generated/train/f3a2974ce3686332__noise__s3.jpg
f3a2974ce3686332,train,f3a2974ce3686332__compression__s3,compression,3,medium,1,dataset/generated/train/f3a2974ce3686332__compression__s3.jpg
2526fc01ddf5bef5,train,2526fc01ddf5bef5__clean,none,0,none,0,dataset/generated/train/2526fc01ddf5bef5__clean.jpg
2526fc01ddf5bef5,train,2526fc01ddf5bef5__blur__s3,blur,3,medium,1,dataset/generated/train/2526fc01ddf5bef5__blur__s3.jpg
2526fc01ddf5bef5,train,2526fc01ddf5bef5__motion_blur__s3,motion_blur,3,medium,1,dataset/generated/train/2526fc01ddf5bef5__motion_blur__s3.jpg
2526fc01ddf5bef5,train,2526fc01ddf5bef5__underexposure__s3,underexposure,3,medium,1,dataset/generated/train/2526fc01ddf5bef5__underexposure__s3.jpg
2526fc01ddf5bef5,train,2526fc01ddf5bef5__overexposure__s3,overexposure,3,medium,1,dataset/generated/train/2526fc01ddf5bef5__overexposure__s3.jpg
2526fc01ddf5bef5,train,2526fc01ddf5bef5__noise__s3,noise,3,medium,1,dataset/generated/train/2526fc01ddf5bef5__noise__s3.jpg
2526fc01ddf5bef5,train,2526fc01ddf5bef5__compression__s3,compression,3,medium,1,dataset/generated/train/2526fc01ddf5bef5__compression__s3.jpg
c06b1845c54bb886,train,c06b1845c54bb886__clean,none,0,none,0,dataset/generated/train/c06b1845c54bb886__clean.jpg
c06b1845c54bb886,train,c06b1845c54bb886__blur__s3,blur,3,medium,1,dataset/generated/train/c06b1845c54bb886__blur__s3.jpg
c06b1845c54bb886,train,c06b1845c54bb886__motion_blur__s3,motion_blur,3,medium,1,dataset/generated/train/c06b1845c54bb886__motion_blur__s3.jpg
c06b1845c54bb886,train,c06b1845c54bb886__underexposure__s3,underexposure,3,medium,1,dataset/generated/train/c06b1845c54bb886__underexposure__s3.jpg
c06b1845c54bb886,train,c06b1845c54bb886__overexposure__s3,overexposure,3,medium,1,dataset/generated/train/c06b1845c54bb886__overexposure__s3.jpg
c06b1845c54bb886,train,c06b1845c54bb886__noise__s3,noise,3,medium,1,dataset/generated/train/c06b1845c54bb886__noise__s3.jpg
c06b1845c54bb886,train,c06b1845c54bb886__compression__s3,compression,3,medium,1,dataset/generated/train/c06b1845c54bb886__compression__s3.jpg
6ba641627c08ef42,train,6ba641627c08ef42__clean,none,0,none,0,dataset/generated/train/6ba641627c08ef42__clean.jpg
6ba641627c08ef42,train,6ba641627c08ef42__blur__s3,blur,3,medium,1,dataset/generated/train/6ba641627c08ef42__blur__s3.jpg
6ba641627c08ef42,train,6ba641627c08ef42__motion_blur__s3,motion_blur,3,medium,1,dataset/generated/train/6ba641627c08ef42__motion_blur__s3.jpg
6ba641627c08ef42,train,6ba641627c08ef42__underexposure__s3,underexposure,3,medium,1,dataset/generated/train/6ba641627c08ef42__underexposure__s3.jpg
6ba641627c08ef42,train,6ba641627c08ef42__overexposure__s3,overexposure,3,medium,1,dataset/generated/train/6ba641627c08ef42__overexposure__s3.jpg
6ba641627c08ef42,train,6ba641627c08ef42__noise__s3,noise,3,medium,1,dataset/generated/train/6ba641627c08ef42__noise__s3.jpg
6ba641627c08ef42,train,6ba641627c08ef42__compression__s3,compression,3,medium,1,dataset/generated/train/6ba641627c08ef42__compression__s3.jpg
dc8292c102663e64,train,dc8292c102663e64__clean,none,0,none,0,dataset/generated/train/dc8292c102663e64__clean.jpg
dc8292c102663e64,train,dc8292c102663e64__blur__s3,blur,3,medium,1,dataset/generated/train/dc8292c102663e64__blur__s3.jpg
dc8292c102663e64,train,dc8292c102663e64__motion_blur__s3,motion_blur,3,medium,1,dataset/generated/train/dc8292c102663e64__motion_blur__s3.jpg
dc8292c102663e64,train,dc8292c102663e64__underexposure__s3,underexposure,3,medium,1,dataset/generated/train/dc8292c102663e64__underexposure__s3.jpg
dc8292c102663e64,train,dc8292c102663e64__overexposure__s3,overexposure,3,medium,1,dataset/generated/train/dc8292c102663e64__overexposure__s3.jpg
dc8292c102663e64,train,dc8292c102663e64__noise__s3,noise,3,medium,1,dataset/generated/train/dc8292c102663e64__noise__s3.jpg
dc8292c102663e64,train,dc8292c102663e64__compression__s3,compression,3,medium,1,dataset/generated/train/dc8292c102663e64__compression__s3.jpg
2b472f58ae604977,train,2b472f58ae604977__clean,none,0,none,0,dataset/generated/train/2b472f58ae604977__clean.jpg
2b472f58ae604977,train,2b472f58ae604977__blur__s3,blur,3,medium,1,dataset/generated/train/2b472f58ae604977__blur__s3.jpg
2b472f58ae604977,train,2b472f58ae604977__motion_blur__s3,motion_blur,3,medium,1,dataset/generated/train/2b472f58ae604977__motion_blur__s3.jpg
2b472f58ae604977,train,2b472f58ae604977__underexposure__s3,underexposure,3,medium,1,dataset/generated/train/2b472f58ae604977__underexposure__s3.jpg
2b472f58ae604977,train,2b472f58ae604977__overexposure__s3,overexposure,3,medium,1,dataset/generated/train/2b472f58ae604977__overexposure__s3.jpg
2b472f58ae604977,train,2b472f58ae604977__noise__s3,noise,3,medium,1,dataset/generated/train/2b472f58ae604977__noise__s3.jpg
2b472f58ae604977,train,2b472f58ae604977__compression__s3,compression,3,medium,1,dataset/generated/train/2b472f58ae604977__compression__s3.jpg
00132e042709fc7a,val,00132e042709fc7a__clean,none,0,none,0,dataset/generated/val/00132e042709fc7a__clean.jpg
00132e042709fc7a,val,00132e042709fc7a__blur__s3,blur,3,medium,1,dataset/generated/val/00132e042709fc7a__blur__s3.jpg
00132e042709fc7a,val,00132e042709fc7a__motion_blur__s3,motion_blur,3,medium,1,dataset/generated/val/00132e042709fc7a__motion_blur__s3.jpg
00132e042709fc7a,val,00132e042709fc7a__underexposure__s3,underexposure,3,medium,1,dataset/generated/val/00132e042709fc7a__underexposure__s3.jpg
00132e042709fc7a,val,00132e042709fc7a__overexposure__s3,overexposure,3,medium,1,dataset/generated/val/00132e042709fc7a__overexposure__s3.jpg
00132e042709fc7a,val,00132e042709fc7a__noise__s3,noise,3,medium,1,dataset/generated/val/00132e042709fc7a__noise__s3.jpg
00132e042709fc7a,val,00132e042709fc7a__compression__s3,compression,3,medium,1,dataset/generated/val/00132e042709fc7a__compression__s3.jpg
fe22617b02d85f3d,val,fe22617b02d85f3d__clean,none,0,none,0,dataset/generated/val/fe22617b02d85f3d__clean.jpg
fe22617b02d85f3d,val,fe22617b02d85f3d__blur__s3,blur,3,medium,1,dataset/generated/val/fe22617b02d85f3d__blur__s3.jpg
fe22617b02d85f3d,val,fe22617b02d85f3d__motion_blur__s3,motion_blur,3,medium,1,dataset/generated/val/fe22617b02d85f3d__motion_blur__s3.jpg
fe22617b02d85f3d,val,fe22617b02d85f3d__underexposure__s3,underexposure,3,medium,1,dataset/generated/val/fe22617b02d85f3d__underexposure__s3.jpg
fe22617b02d85f3d,val,fe22617b02d85f3d__overexposure__s3,overexposure,3,medium,1,dataset/generated/val/fe22617b02d85f3d__overexposure__s3.jpg
fe22617b02d85f3d,val,fe22617b02d85f3d__noise__s3,noise,3,medium,1,dataset/generated/val/fe22617b02d85f3d__noise__s3.jpg
fe22617b02d85f3d,val,fe22617b02d85f3d__compression__s3,compression,3,medium,1,dataset/generated/val/fe22617b02d85f3d__compression__s3.jpg
93cdd55e59cf7d32,val,93cdd55e59cf7d32__clean,none,0,none,0,dataset/generated/val/93cdd55e59cf7d32__clean.jpg
93cdd55e59cf7d32,val,93cdd55e59cf7d32__blur__s3,blur,3,medium,1,dataset/generated/val/93cdd55e59cf7d32__blur__s3.jpg
93cdd55e59cf7d32,val,93cdd55e59cf7d32__motion_blur__s3,motion_blur,3,medium,1,dataset/generated/val/93cdd55e59cf7d32__motion_blur__s3.jpg
93cdd55e59cf7d32,val,93cdd55e59cf7d32__underexposure__s3,underexposure,3,medium,1,dataset/generated/val/93cdd55e59cf7d32__underexposure__s3.jpg
93cdd55e59cf7d32,val,93cdd55e59cf7d32__overexposure__s3,overexposure,3,medium,1,dataset/generated/val/93cdd55e59cf7d32__overexposure__s3.jpg
93cdd55e59cf7d32,val,93cdd55e59cf7d32__noise__s3,noise,3,medium,1,dataset/generated/val/93cdd55e59cf7d32__noise__s3.jpg
93cdd55e59cf7d32,val,93cdd55e59cf7d32__compression__s3,compression,3,medium,1,dataset/generated/val/93cdd55e59cf7d32__compression__s3.jpg
fa0ce7b066c2fe7b,val,fa0ce7b066c2fe7b__clean,none,0,none,0,dataset/generated/val/fa0ce7b066c2fe7b__clean.jpg
fa0ce7b066c2fe7b,val,fa0ce7b066c2fe7b__blur__s3,blur,3,medium,1,dataset/generated/val/fa0ce7b066c2fe7b__blur__s3.jpg
fa0ce7b066c2fe7b,val,fa0ce7b066c2fe7b__motion_blur__s3,motion_blur,3,medium,1,dataset/generated/val/fa0ce7b066c2fe7b__motion_blur__s3.jpg
fa0ce7b066c2fe7b,val,fa0ce7b066c2fe7b__underexposure__s3,underexposure,3,medium,1,dataset/generated/val/fa0ce7b066c2fe7b__underexposure__s3.jpg
fa0ce7b066c2fe7b,val,fa0ce7b066c2fe7b__overexposure__s3,overexposure,3,medium,1,dataset/generated/val/fa0ce7b066c2fe7b__overexposure__s3.jpg
fa0ce7b066c2fe7b,val,fa0ce7b066c2fe7b__noise__s3,noise,3,medium,1,dataset/generated/val/fa0ce7b066c2fe7b__noise__s3.jpg
fa0ce7b066c2fe7b,val,fa0ce7b066c2fe7b__compression__s3,compression,3,medium,1,dataset/generated/val/fa0ce7b066c2fe7b__compression__s3.jpg
8b8aa2412ac3502d,val,8b8aa2412ac3502d__clean,none,0,none,0,dataset/generated/val/8b8aa2412ac3502d__clean.jpg
8b8aa2412ac3502d,val,8b8aa2412ac3502d__blur__s3,blur,3,medium,1,dataset/generated/val/8b8aa2412ac3502d__blur__s3.jpg
8b8aa2412ac3502d,val,8b8aa2412ac3502d__motion_blur__s3,motion_blur,3,medium,1,dataset/generated/val/8b8aa2412ac3502d__motion_blur__s3.jpg
8b8aa2412ac3502d,val,8b8aa2412ac3502d__underexposure__s3,underexposure,3,medium,1,dataset/generated/val/8b8aa2412ac3502d__underexposure__s3.jpg
8b8aa2412ac3502d,val,8b8aa2412ac3502d__overexposure__s3,overexposure,3,medium,1,dataset/generated/val/8b8aa2412ac3502d__overexposure__s3.jpg
8b8aa2412ac3502d,val,8b8aa2412ac3502d__noise__s3,noise,3,medium,1,dataset/generated/val/8b8aa2412ac3502d__noise__s3.jpg
8b8aa2412ac3502d,val,8b8aa2412ac3502d__compression__s3,compression,3,medium,1,dataset/generated/val/8b8aa2412ac3502d__compression__s3.jpg
e638b349929d13bb,val,e638b349929d13bb__clean,none,0,none,0,dataset/generated/val/e638b349929d13bb__clean.jpg
e638b349929d13bb,val,e638b349929d13bb__blur__s3,blur,3,medium,1,dataset/generated/val/e638b349929d13bb__blur__s3.jpg
e638b349929d13bb,val,e638b349929d13bb__motion_blur__s3,motion_blur,3,medium,1,dataset/generated/val/e638b349929d13bb__motion_blur__s3.jpg
e638b349929d13bb,val,e638b349929d13bb__underexposure__s3,underexposure,3,medium,1,dataset/generated/val/e638b349929d13bb__underexposure__s3.jpg
e638b349929d13bb,val,e638b349929d13bb__overexposure__s3,overexposure,3,medium,1,dataset/generated/val/e638b349929d13bb__overexposure__s3.jpg
e638b349929d13bb,val,e638b349929d13bb__noise__s3,noise,3,medium,1,dataset/generated/val/e638b349929d13bb__noise__s3.jpg
e638b349929d13bb,val,e638b349929d13bb__compression__s3,compression,3,medium,1,dataset/generated/val/e638b349929d13bb__compression__s3.jpg
34a98da7c11bc881,val,34a98da7c11bc881__clean,none,0,none,0,dataset/generated/val/34a98da7c11bc881__clean.jpg
34a98da7c11bc881,val,34a98da7c11bc881__blur__s3,blur,3,medium,1,dataset/generated/val/34a98da7c11bc881__blur__s3.jpg
34a98da7c11bc881,val,34a98da7c11bc881__motion_blur__s3,motion_blur,3,medium,1,dataset/generated/val/34a98da7c11bc881__motion_blur__s3.jpg
34a98da7c11bc881,val,34a98da7c11bc881__underexposure__s3,underexposure,3,medium,1,dataset/generated/val/34a98da7c11bc881__underexposure__s3.jpg
34a98da7c11bc881,val,34a98da7c11bc881__overexposure__s3,overexposure,3,medium,1,dataset/generated/val/34a98da7c11bc881__overexposure__s3.jpg
34a98da7c11bc881,val,34a98da7c11bc881__noise__s3,noise,3,medium,1,dataset/generated/val/34a98da7c11bc881__noise__s3.jpg
34a98da7c11bc881,val,34a98da7c11bc881__compression__s3,compression,3,medium,1,dataset/generated/val/34a98da7c11bc881__compression__s3.jpg
bd6ac1c94ef4599b,val,bd6ac1c94ef4599b__clean,none,0,none,0,dataset/generated/val/bd6ac1c94ef4599b__clean.jpg
bd6ac1c94ef4599b,val,bd6ac1c94ef4599b__blur__s3,blur,3,medium,1,dataset/generated/val/bd6ac1c94ef4599b__blur__s3.jpg
bd6ac1c94ef4599b,val,bd6ac1c94ef4599b__motion_blur__s3,motion_blur,3,medium,1,dataset/generated/val/bd6ac1c94ef4599b__motion_blur__s3.jpg
bd6ac1c94ef4599b,val,bd6ac1c94ef4599b__underexposure__s3,underexposure,3,medium,1,dataset/generated/val/bd6ac1c94ef4599b__underexposure__s3.jpg
bd6ac1c94ef4599b,val,bd6ac1c94ef4599b__overexposure__s3,overexposure,3,medium,1,dataset/generated/val/bd6ac1c94ef4599b__overexposure__s3.jpg
bd6ac1c94ef4599b,val,bd6ac1c94ef4599b__noise__s3,noise,3,medium,1,dataset/generated/val/bd6ac1c94ef4599b__noise__s3.jpg
bd6ac1c94ef4599b,val,bd6ac1c94ef4599b__compression__s3,compression,3,medium,1,dataset/generated/val/bd6ac1c94ef4599b__compression__s3.jpg
d5b79e7fa716f85c,val,d5b79e7fa716f85c__clean,none,0,none,0,dataset/generated/val/d5b79e7fa716f85c__clean.jpg
d5b79e7fa716f85c,val,d5b79e7fa716f85c__blur__s3,blur,3,medium,1,dataset/generated/val/d5b79e7fa716f85c__blur__s3.jpg
d5b79e7fa716f85c,val,d5b79e7fa716f85c__motion_blur__s3,motion_blur,3,medium,1,dataset/generated/val/d5b79e7fa716f85c__motion_blur__s3.jpg
d5b79e7fa716f85c,val,d5b79e7fa716f85c__underexposure__s3,underexposure,3,medium,1,dataset/generated/val/d5b79e7fa716f85c__underexposure__s3.jpg
d5b79e7fa716f85c,val,d5b79e7fa716f85c__overexposure__s3,overexposure,3,medium,1,dataset/generated/val/d5b79e7fa716f85c__overexposure__s3.jpg
d5b79e7fa716f85c,val,d5b79e7fa716f85c__noise__s3,noise,3,medium,1,dataset/generated/val/d5b79e7fa716f85c__noise__s3.jpg
d5b79e7fa716f85c,val,d5b79e7fa716f85c__compression__s3,compression,3,medium,1,dataset/generated/val/d5b79e7fa716f85c__compression__s3.jpg
c7b1180c75a332e8,val,c7b1180c75a332e8__clean,none,0,none,0,dataset/generated/val/c7b1180c75a332e8__clean.jpg
c7b1180c75a332e8,val,c7b1180c75a332e8__blur__s3,blur,3,medium,1,dataset/generated/val/c7b1180c75a332e8__blur__s3.jpg
c7b1180c75a332e8,val,c7b1180c75a332e8__motion_blur__s3,motion_blur,3,medium,1,dataset/generated/val/c7b1180c75a332e8__motion_blur__s3.jpg
c7b1180c75a332e8,val,c7b1180c75a332e8__underexposure__s3,underexposure,3,medium,1,dataset/generated/val/c7b1180c75a332e8__underexposure__s3.jpg
c7b1180c75a332e8,val,c7b1180c75a332e8__overexposure__s3,overexposure,3,medium,1,dataset/generated/val/c7b1180c75a332e8__overexposure__s3.jpg
c7b1180c75a332e8,val,c7b1180c75a332e8__noise__s3,noise,3,medium,1,dataset/generated/val/c7b1180c75a332e8__noise__s3.jpg
c7b1180c75a332e8,val,c7b1180c75a332e8__compression__s3,compression,3,medium,1,dataset/generated/val/c7b1180c75a332e8__compression__s3.jpg
ab798f0ee5d1bed5,val,ab798f0ee5d1bed5__clean,none,0,none,0,dataset/generated/val/ab798f0ee5d1bed5__clean.jpg
ab798f0ee5d1bed5,val,ab798f0ee5d1bed5__blur__s3,blur,3,medium,1,dataset/generated/val/ab798f0ee5d1bed5__blur__s3.jpg
ab798f0ee5d1bed5,val,ab798f0ee5d1bed5__motion_blur__s3,motion_blur,3,medium,1,dataset/generated/val/ab798f0ee5d1bed5__motion_blur__s3.jpg
ab798f0ee5d1bed5,val,ab798f0ee5d1bed5__underexposure__s3,underexposure,3,medium,1,dataset/generated/val/ab798f0ee5d1bed5__underexposure__s3.jpg
ab798f0ee5d1bed5,val,ab798f0ee5d1bed5__overexposure__s3,overexposure,3,medium,1,dataset/generated/val/ab798f0ee5d1bed5__overexposure__s3.jpg
ab798f0ee5d1bed5,val,ab798f0ee5d1bed5__noise__s3,noise,3,medium,1,dataset/generated/val/ab798f0ee5d1bed5__noise__s3.jpg
ab798f0ee5d1bed5,val,ab798f0ee5d1bed5__compression__s3,compression,3,medium,1,dataset/generated/val/ab798f0ee5d1bed5__compression__s3.jpg
3c929365d99581f0,val,3c929365d99581f0__clean,none,0,none,0,dataset/generated/val/3c929365d99581f0__clean.jpg
3c929365d99581f0,val,3c929365d99581f0__blur__s3,blur,3,medium,1,dataset/generated/val/3c929365d99581f0__blur__s3.jpg
3c929365d99581f0,val,3c929365d99581f0__motion_blur__s3,motion_blur,3,medium,1,dataset/generated/val/3c929365d99581f0__motion_blur__s3.jpg
3c929365d99581f0,val,3c929365d99581f0__underexposure__s3,underexposure,3,medium,1,dataset/generated/val/3c929365d99581f0__underexposure__s3.jpg
3c929365d99581f0,val,3c929365d99581f0__overexposure__s3,overexposure,3,medium,1,dataset/generated/val/3c929365d99581f0__overexposure__s3.jpg
3c929365d99581f0,val,3c929365d99581f0__noise__s3,noise,3,medium,1,dataset/generated/val/3c929365d99581f0__noise__s3.jpg
3c929365d99581f0,val,3c929365d99581f0__compression__s3,compression,3,medium,1,dataset/generated/val/3c929365d99581f0__compression__s3.jpg
39ac6327aa1b887f,val,39ac6327aa1b887f__clean,none,0,none,0,dataset/generated/val/39ac6327aa1b887f__clean.jpg
39ac6327aa1b887f,val,39ac6327aa1b887f__blur__s3,blur,3,medium,1,dataset/generated/val/39ac6327aa1b887f__blur__s3.jpg
39ac6327aa1b887f,val,39ac6327aa1b887f__motion_blur__s3,motion_blur,3,medium,1,dataset/generated/val/39ac6327aa1b887f__motion_blur__s3.jpg
39ac6327aa1b887f,val,39ac6327aa1b887f__underexposure__s3,underexposure,3,medium,1,dataset/generated/val/39ac6327aa1b887f__underexposure__s3.jpg
39ac6327aa1b887f,val,39ac6327aa1b887f__overexposure__s3,overexposure,3,medium,1,dataset/generated/val/39ac6327aa1b887f__overexposure__s3.jpg
39ac6327aa1b887f,val,39ac6327aa1b887f__noise__s3,noise,3,medium,1,dataset/generated/val/39ac6327aa1b887f__noise__s3.jpg
39ac6327aa1b887f,val,39ac6327aa1b887f__compression__s3,compression,3,medium,1,dataset/generated/val/39ac6327aa1b887f__compression__s3.jpg
eda4af13818b566f,val,eda4af13818b566f__clean,none,0,none,0,dataset/generated/val/eda4af13818b566f__clean.jpg
eda4af13818b566f,val,eda4af13818b566f__blur__s3,blur,3,medium,1,dataset/generated/val/eda4af13818b566f__blur__s3.jpg
eda4af13818b566f,val,eda4af13818b566f__motion_blur__s3,motion_blur,3,medium,1,dataset/generated/val/eda4af13818b566f__motion_blur__s3.jpg
eda4af13818b566f,val,eda4af13818b566f__underexposure__s3,underexposure,3,medium,1,dataset/generated/val/eda4af13818b566f__underexposure__s3.jpg
eda4af13818b566f,val,eda4af13818b566f__overexposure__s3,overexposure,3,medium,1,dataset/generated/val/eda4af13818b566f__overexposure__s3.jpg
eda4af13818b566f,val,eda4af13818b566f__noise__s3,noise,3,medium,1,dataset/generated/val/eda4af13818b566f__noise__s3.jpg
eda4af13818b566f,val,eda4af13818b566f__compression__s3,compression,3,medium,1,dataset/generated/val/eda4af13818b566f__compression__s3.jpg
ff95bf5ddb4bdbd7,test,ff95bf5ddb4bdbd7__clean,none,0,none,0,dataset/generated/test/ff95bf5ddb4bdbd7__clean.jpg
ff95bf5ddb4bdbd7,test,ff95bf5ddb4bdbd7__blur__s3,blur,3,medium,1,dataset/generated/test/ff95bf5ddb4bdbd7__blur__s3.jpg
ff95bf5ddb4bdbd7,test,ff95bf5ddb4bdbd7__motion_blur__s3,motion_blur,3,medium,1,dataset/generated/test/ff95bf5ddb4bdbd7__motion_blur__s3.jpg
ff95bf5ddb4bdbd7,test,ff95bf5ddb4bdbd7__underexposure__s3,underexposure,3,medium,1,dataset/generated/test/ff95bf5ddb4bdbd7__underexposure__s3.jpg
ff95bf5ddb4bdbd7,test,ff95bf5ddb4bdbd7__overexposure__s3,overexposure,3,medium,1,dataset/generated/test/ff95bf5ddb4bdbd7__overexposure__s3.jpg
ff95bf5ddb4bdbd7,test,ff95bf5ddb4bdbd7__noise__s3,noise,3,medium,1,dataset/generated/test/ff95bf5ddb4bdbd7__noise__s3.jpg
ff95bf5ddb4bdbd7,test,ff95bf5ddb4bdbd7__compression__s3,compression,3,medium,1,dataset/generated/test/ff95bf5ddb4bdbd7__compression__s3.jpg
105e70c573b87d7e,test,105e70c573b87d7e__clean,none,0,none,0,dataset/generated/test/105e70c573b87d7e__clean.jpg
105e70c573b87d7e,test,105e70c573b87d7e__blur__s3,blur,3,medium,1,dataset/generated/test/105e70c573b87d7e__blur__s3.jpg
105e70c573b87d7e,test,105e70c573b87d7e__motion_blur__s3,motion_blur,3,medium,1,dataset/generated/test/105e70c573b87d7e__motion_blur__s3.jpg
105e70c573b87d7e,test,105e70c573b87d7e__underexposure__s3,underexposure,3,medium,1,dataset/generated/test/105e70c573b87d7e__underexposure__s3.jpg
105e70c573b87d7e,test,105e70c573b87d7e__overexposure__s3,overexposure,3,medium,1,dataset/generated/test/105e70c573b87d7e__overexposure__s3.jpg
105e70c573b87d7e,test,105e70c573b87d7e__noise__s3,noise,3,medium,1,dataset/generated/test/105e70c573b87d7e__noise__s3.jpg
105e70c573b87d7e,test,105e70c573b87d7e__compression__s3,compression,3,medium,1,dataset/generated/test/105e70c573b87d7e__compression__s3.jpg
8e2059e2f11b0c30,test,8e2059e2f11b0c30__clean,none,0,none,0,dataset/generated/test/8e2059e2f11b0c30__clean.jpg
8e2059e2f11b0c30,test,8e2059e2f11b0c30__blur__s3,blur,3,medium,1,dataset/generated/test/8e2059e2f11b0c30__blur__s3.jpg
8e2059e2f11b0c30,test,8e2059e2f11b0c30__motion_blur__s3,motion_blur,3,medium,1,dataset/generated/test/8e2059e2f11b0c30__motion_blur__s3.jpg
8e2059e2f11b0c30,test,8e2059e2f11b0c30__underexposure__s3,underexposure,3,medium,1,dataset/generated/test/8e2059e2f11b0c30__underexposure__s3.jpg
8e2059e2f11b0c30,test,8e2059e2f11b0c30__overexposure__s3,overexposure,3,medium,1,dataset/generated/test/8e2059e2f11b0c30__overexposure__s3.jpg
8e2059e2f11b0c30,test,8e2059e2f11b0c30__noise__s3,noise,3,medium,1,dataset/generated/test/8e2059e2f11b0c30__noise__s3.jpg
8e2059e2f11b0c30,test,8e2059e2f11b0c30__compression__s3,compression,3,medium,1,dataset/generated/test/8e2059e2f11b0c30__compression__s3.jpg
c2aa138ee3a59b05,test,c2aa138ee3a59b05__clean,none,0,none,0,dataset/generated/test/c2aa138ee3a59b05__clean.jpg
c2aa138ee3a59b05,test,c2aa138ee3a59b05__blur__s3,blur,3,medium,1,dataset/generated/test/c2aa138ee3a59b05__blur__s3.jpg
c2aa138ee3a59b05,test,c2aa138ee3a59b05__motion_blur__s3,motion_blur,3,medium,1,dataset/generated/test/c2aa138ee3a59b05__motion_blur__s3.jpg
c2aa138ee3a59b05,test,c2aa138ee3a59b05__underexposure__s3,underexposure,3,medium,1,dataset/generated/test/c2aa138ee3a59b05__underexposure__s3.jpg
c2aa138ee3a59b05,test,c2aa138ee3a59b05__overexposure__s3,overexposure,3,medium,1,dataset/generated/test/c2aa138ee3a59b05__overexposure__s3.jpg
c2aa138ee3a59b05,test,c2aa138ee3a59b05__noise__s3,noise,3,medium,1,dataset/generated/test/c2aa138ee3a59b05__noise__s3.jpg
c2aa138ee3a59b05,test,c2aa138ee3a59b05__compression__s3,compression,3,medium,1,dataset/generated/test/c2aa138ee3a59b05__compression__s3.jpg
1c67b783f78b18dd,test,1c67b783f78b18dd__clean,none,0,none,0,dataset/generated/test/1c67b783f78b18dd__clean.jpg
1c67b783f78b18dd,test,1c67b783f78b18dd__blur__s3,blur,3,medium,1,dataset/generated/test/1c67b783f78b18dd__blur__s3.jpg
1c67b783f78b18dd,test,1c67b783f78b18dd__motion_blur__s3,motion_blur,3,medium,1,dataset/generated/test/1c67b783f78b18dd__motion_blur__s3.jpg
1c67b783f78b18dd,test,1c67b783f78b18dd__underexposure__s3,underexposure,3,medium,1,dataset/generated/test/1c67b783f78b18dd__underexposure__s3.jpg
1c67b783f78b18dd,test,1c67b783f78b18dd__overexposure__s3,overexposure,3,medium,1,dataset/generated/test/1c67b783f78b18dd__overexposure__s3.jpg
1c67b783f78b18dd,test,1c67b783f78b18dd__noise__s3,noise,3,medium,1,dataset/generated/test/1c67b783f78b18dd__noise__s3.jpg
1c67b783f78b18dd,test,1c67b783f78b18dd__compression__s3,compression,3,medium,1,dataset/generated/test/1c67b783f78b18dd__compression__s3.jpg
b47318f2a6f65202,test,b47318f2a6f65202__clean,none,0,none,0,dataset/generated/test/b47318f2a6f65202__clean.jpg
b47318f2a6f65202,test,b47318f2a6f65202__blur__s3,blur,3,medium,1,dataset/generated/test/b47318f2a6f65202__blur__s3.jpg
b47318f2a6f65202,test,b47318f2a6f65202__motion_blur__s3,motion_blur,3,medium,1,dataset/generated/test/b47318f2a6f65202__motion_blur__s3.jpg
b47318f2a6f65202,test,b47318f2a6f65202__underexposure__s3,underexposure,3,medium,1,dataset/generated/test/b47318f2a6f65202__underexposure__s3.jpg
b47318f2a6f65202,test,b47318f2a6f65202__overexposure__s3,overexposure,3,medium,1,dataset/generated/test/b47318f2a6f65202__overexposure__s3.jpg
b47318f2a6f65202,test,b47318f2a6f65202__noise__s3,noise,3,medium,1,dataset/generated/test/b47318f2a6f65202__noise__s3.jpg
b47318f2a6f65202,test,b47318f2a6f65202__compression__s3,compression,3,medium,1,dataset/generated/test/b47318f2a6f65202__compression__s3.jpg
e3d8430df8ae6fd8,test,e3d8430df8ae6fd8__clean,none,0,none,0,dataset/generated/test/e3d8430df8ae6fd8__clean.jpg
e3d8430df8ae6fd8,test,e3d8430df8ae6fd8__blur__s3,blur,3,medium,1,dataset/generated/test/e3d8430df8ae6fd8__blur__s3.jpg
e3d8430df8ae6fd8,test,e3d8430df8ae6fd8__motion_blur__s3,motion_blur,3,medium,1,dataset/generated/test/e3d8430df8ae6fd8__motion_blur__s3.jpg
e3d8430df8ae6fd8,test,e3d8430df8ae6fd8__underexposure__s3,underexposure,3,medium,1,dataset/generated/test/e3d8430df8ae6fd8__underexposure__s3.jpg
e3d8430df8ae6fd8,test,e3d8430df8ae6fd8__overexposure__s3,overexposure,3,medium,1,dataset/generated/test/e3d8430df8ae6fd8__overexposure__s3.jpg
e3d8430df8ae6fd8,test,e3d8430df8ae6fd8__noise__s3,noise,3,medium,1,dataset/generated/test/e3d8430df8ae6fd8__noise__s3.jpg
e3d8430df8ae6fd8,test,e3d8430df8ae6fd8__compression__s3,compression,3,medium,1,dataset/generated/test/e3d8430df8ae6fd8__compression__s3.jpg
1d3ba71e9002721a,test,1d3ba71e9002721a__clean,none,0,none,0,dataset/generated/test/1d3ba71e9002721a__clean.jpg
1d3ba71e9002721a,test,1d3ba71e9002721a__blur__s3,blur,3,medium,1,dataset/generated/test/1d3ba71e9002721a__blur__s3.jpg
1d3ba71e9002721a,test,1d3ba71e9002721a__motion_blur__s3,motion_blur,3,medium,1,dataset/generated/test/1d3ba71e9002721a__motion_blur__s3.jpg
1d3ba71e9002721a,test,1d3ba71e9002721a__underexposure__s3,underexposure,3,medium,1,dataset/generated/test/1d3ba71e9002721a__underexposure__s3.jpg
1d3ba71e9002721a,test,1d3ba71e9002721a__overexposure__s3,overexposure,3,medium,1,dataset/generated/test/1d3ba71e9002721a__overexposure__s3.jpg
1d3ba71e9002721a,test,1d3ba71e9002721a__noise__s3,noise,3,medium,1,dataset/generated/test/1d3ba71e9002721a__noise__s3.jpg
1d3ba71e9002721a,test,1d3ba71e9002721a__compression__s3,compression,3,medium,1,dataset/generated/test/1d3ba71e9002721a__compression__s3.jpg
2430b9bffb5ff52d,test,2430b9bffb5ff52d__clean,none,0,none,0,dataset/generated/test/2430b9bffb5ff52d__clean.jpg
2430b9bffb5ff52d,test,2430b9bffb5ff52d__blur__s3,blur,3,medium,1,dataset/generated/test/2430b9bffb5ff52d__blur__s3.jpg
2430b9bffb5ff52d,test,2430b9bffb5ff52d__motion_blur__s3,motion_blur,3,medium,1,dataset/generated/test/2430b9bffb5ff52d__motion_blur__s3.jpg
2430b9bffb5ff52d,test,2430b9bffb5ff52d__underexposure__s3,underexposure,3,medium,1,dataset/generated/test/2430b9bffb5ff52d__underexposure__s3.jpg
2430b9bffb5ff52d,test,2430b9bffb5ff52d__overexposure__s3,overexposure,3,medium,1,dataset/generated/test/2430b9bffb5ff52d__overexposure__s3.jpg
2430b9bffb5ff52d,test,2430b9bffb5ff52d__noise__s3,noise,3,medium,1,dataset/generated/test/2430b9bffb5ff52d__noise__s3.jpg
2430b9bffb5ff52d,test,2430b9bffb5ff52d__compression__s3,compression,3,medium,1,dataset/generated/test/2430b9bffb5ff52d__compression__s3.jpg
3b3ed6a27e07126c,test,3b3ed6a27e07126c__clean,none,0,none,0,dataset/generated/test/3b3ed6a27e07126c__clean.jpg
3b3ed6a27e07126c,test,3b3ed6a27e07126c__blur__s3,blur,3,medium,1,dataset/generated/test/3b3ed6a27e07126c__blur__s3.jpg
3b3ed6a27e07126c,test,3b3ed6a27e07126c__motion_blur__s3,motion_blur,3,medium,1,dataset/generated/test/3b3ed6a27e07126c__motion_blur__s3.jpg
3b3ed6a27e07126c,test,3b3ed6a27e07126c__underexposure__s3,underexposure,3,medium,1,dataset/generated/test/3b3ed6a27e07126c__underexposure__s3.jpg
3b3ed6a27e07126c,test,3b3ed6a27e07126c__overexposure__s3,overexposure,3,medium,1,dataset/generated/test/3b3ed6a27e07126c__overexposure__s3.jpg
3b3ed6a27e07126c,test,3b3ed6a27e07126c__noise__s3,noise,3,medium,1,dataset/generated/test/3b3ed6a27e07126c__noise__s3.jpg
3b3ed6a27e07126c,test,3b3ed6a27e07126c__compression__s3,compression,3,medium,1,dataset/generated/test/3b3ed6a27e07126c__compression__s3.jpg
4286197d2b6fc188,test,4286197d2b6fc188__clean,none,0,none,0,dataset/generated/test/4286197d2b6fc188__clean.jpg
4286197d2b6fc188,test,4286197d2b6fc188__blur__s3,blur,3,medium,1,dataset/generated/test/4286197d2b6fc188__blur__s3.jpg
4286197d2b6fc188,test,4286197d2b6fc188__motion_blur__s3,motion_blur,3,medium,1,dataset/generated/test/4286197d2b6fc188__motion_blur__s3.jpg
4286197d2b6fc188,test,4286197d2b6fc188__underexposure__s3,underexposure,3,medium,1,dataset/generated/test/4286197d2b6fc188__underexposure__s3.jpg
4286197d2b6fc188,test,4286197d2b6fc188__overexposure__s3,overexposure,3,medium,1,dataset/generated/test/4286197d2b6fc188__overexposure__s3.jpg
4286197d2b6fc188,test,4286197d2b6fc188__noise__s3,noise,3,medium,1,dataset/generated/test/4286197d2b6fc188__noise__s3.jpg
4286197d2b6fc188,test,4286197d2b6fc188__compression__s3,compression,3,medium,1,dataset/generated/test/4286197d2b6fc188__compression__s3.jpg
57f3508e600d3370,test,57f3508e600d3370__clean,none,0,none,0,dataset/generated/test/57f3508e600d3370__clean.jpg
57f3508e600d3370,test,57f3508e600d3370__blur__s3,blur,3,medium,1,dataset/generated/test/57f3508e600d3370__blur__s3.jpg
57f3508e600d3370,test,57f3508e600d3370__motion_blur__s3,motion_blur,3,medium,1,dataset/generated/test/57f3508e600d3370__motion_blur__s3.jpg
57f3508e600d3370,test,57f3508e600d3370__underexposure__s3,underexposure,3,medium,1,dataset/generated/test/57f3508e600d3370__underexposure__s3.jpg
57f3508e600d3370,test,57f3508e600d3370__overexposure__s3,overexposure,3,medium,1,dataset/generated/test/57f3508e600d3370__overexposure__s3.jpg
57f3508e600d3370,test,57f3508e600d3370__noise__s3,noise,3,medium,1,dataset/generated/test/57f3508e600d3370__noise__s3.jpg
57f3508e600d3370,test,57f3508e600d3370__compression__s3,compression,3,medium,1,dataset/generated/test/57f3508e600d3370__compression__s3.jpg
feca143d5e249b9f,test,feca143d5e249b9f__clean,none,0,none,0,dataset/generated/test/feca143d5e249b9f__clean.jpg
feca143d5e249b9f,test,feca143d5e249b9f__blur__s3,blur,3,medium,1,dataset/generated/test/feca143d5e249b9f__blur__s3.jpg
feca143d5e249b9f,test,feca143d5e249b9f__motion_blur__s3,motion_blur,3,medium,1,dataset/generated/test/feca143d5e249b9f__motion_blur__s3.jpg
feca143d5e249b9f,test,feca143d5e249b9f__underexposure__s3,underexposure,3,medium,1,dataset/generated/test/feca143d5e249b9f__underexposure__s3.jpg
feca143d5e249b9f,test,feca143d5e249b9f__overexposure__s3,overexposure,3,medium,1,dataset/generated/test/feca143d5e249b9f__overexposure__s3.jpg
feca143d5e249b9f,test,feca143d5e249b9f__noise__s3,noise,3,medium,1,dataset/generated/test/feca143d5e249b9f__noise__s3.jpg
feca143d5e249b9f,test,feca143d5e249b9f__compression__s3,compression,3,medium,1,dataset/generated/test/feca143d5e249b9f__compression__s3.jpg
0f8ce814489c0792,test,0f8ce814489c0792__clean,none,0,none,0,dataset/generated/test/0f8ce814489c0792__clean.jpg
0f8ce814489c0792,test,0f8ce814489c0792__blur__s3,blur,3,medium,1,dataset/generated/test/0f8ce814489c0792__blur__s3.jpg
0f8ce814489c0792,test,0f8ce814489c0792__motion_blur__s3,motion_blur,3,medium,1,dataset/generated/test/0f8ce814489c0792__motion_blur__s3.jpg
0f8ce814489c0792,test,0f8ce814489c0792__underexposure__s3,underexposure,3,medium,1,dataset/generated/test/0f8ce814489c0792__underexposure__s3.jpg
0f8ce814489c0792,test,0f8ce814489c0792__overexposure__s3,overexposure,3,medium,1,dataset/generated/test/0f8ce814489c0792__overexposure__s3.jpg
0f8ce814489c0792,test,0f8ce814489c0792__noise__s3,noise,3,medium,1,dataset/generated/test/0f8ce814489c0792__noise__s3.jpg
0f8ce814489c0792,test,0f8ce814489c0792__compression__s3,compression,3,medium,1,dataset/generated/test/0f8ce814489c0792__compression__s3.jpg
1dd31e9059c49199,test,1dd31e9059c49199__clean,none,0,none,0,dataset/generated/test/1dd31e9059c49199__clean.jpg
1dd31e9059c49199,test,1dd31e9059c49199__blur__s3,blur,3,medium,1,dataset/generated/test/1dd31e9059c49199__blur__s3.jpg
1dd31e9059c49199,test,1dd31e9059c49199__motion_blur__s3,motion_blur,3,medium,1,dataset/generated/test/1dd31e9059c49199__motion_blur__s3.jpg
1dd31e9059c49199,test,1dd31e9059c49199__underexposure__s3,underexposure,3,medium,1,dataset/generated/test/1dd31e9059c49199__underexposure__s3.jpg
1dd31e9059c49199,test,1dd31e9059c49199__overexposure__s3,overexposure,3,medium,1,dataset/generated/test/1dd31e9059c49199__overexposure__s3.jpg
1dd31e9059c49199,test,1dd31e9059c49199__noise__s3,noise,3,medium,1,dataset/generated/test/1dd31e9059c49199__noise__s3.jpg
1dd31e9059c49199,test,1dd31e9059c49199__compression__s3,compression,3,medium,1,dataset/generated/test/1dd31e9059c49199__compression__s3.jpg
d53d17dd8ecded4a,test,d53d17dd8ecded4a__clean,none,0,none,0,dataset/generated/test/d53d17dd8ecded4a__clean.jpg
d53d17dd8ecded4a,test,d53d17dd8ecded4a__blur__s3,blur,3,medium,1,dataset/generated/test/d53d17dd8ecded4a__blur__s3.jpg
d53d17dd8ecded4a,test,d53d17dd8ecded4a__motion_blur__s3,motion_blur,3,medium,1,dataset/generated/test/d53d17dd8ecded4a__motion_blur__s3.jpg
d53d17dd8ecded4a,test,d53d17dd8ecded4a__underexposure__s3,underexposure,3,medium,1,dataset/generated/test/d53d17dd8ecded4a__underexposure__s3.jpg
d53d17dd8ecded4a,test,d53d17dd8ecded4a__overexposure__s3,overexposure,3,medium,1,dataset/generated/test/d53d17dd8ecded4a__overexposure__s3.jpg
d53d17dd8ecded4a,test,d53d17dd8ecded4a__noise__s3,noise,3,medium,1,dataset/generated/test/d53d17dd8ecded4a__noise__s3.jpg
d53d17dd8ecded4a,test,d53d17dd8ecded4a__compression__s3,compression,3,medium,1,dataset/generated/test/d53d17dd8ecded4a__compression__s3.jpg
